latitude,longitude,garden_name,county,address,city,zip_code,state
40.6834,-73.9074,Contented Hart Garden,Kings,1475 Bushwick Avenue,Brooklyn,11207,ny
40.6774,-73.9282,Plenty: Food For All,Kings,Hunterfly Place and Atlantic Avenue,Brooklyn,11233,ny
40.738,-74.0046,Jane Street Garden,New york,36 Jane Street,New York,10014,ny
42.6447,-73.7569,Emmau's House,Albany,45 Trinity Place,Albany,12202,ny
40.8529,-73.9015,Anthony Avenue Garden,Bronx,2078 Anthony Avenue,Bronx,10457,ny
42.2578,-73.7946,River City Garden,Columbia,State St & N Front St,Hudson,12534,ny
40.6895,-73.9754,Greene Garden,Kings,2 South Portland Avenue,Brooklyn,11217,ny
40.6983,-73.986,Bridge Plaza Court,Kings,Bridge Plaza Court,Brooklyn,11201,ny
43.1734,-77.6181,Friends of St. Bridget's ,Monroe,56 Scrantom Street,Rochester ,14605,ny
40.8135,-73.9433,Margrichantie Memorial Garden,New York,155-159 W 133rd Street,New York,10030,ny
43.088,-75.25,Housing Visions' Garden,Oneida,40 Grant St,Utica,13501,ny
40.7493,-73.9145,Sunnyside Park Garden,Queens,39 Avenue,Queens,11104,ny
42.4475,-76.5037,First Baptized Church of Christ,Tompkins,412 1st Street,Ithaca,14850,ny
42.6393,-73.7569,Arthur T. Scott Memorial Garden,Albany,Franklin Street & Plum Street,Albany,12202,ny
42.6393,-73.7715,Bogart Terrace Community Garden,Albany,1 Bogart Terrace,Albany,12202,ny
42.673,-73.7844,Bradford Street Community Garden,Albany,462 Bradford Street,Albany,12206,ny
42.6474,-73.7668,Chuck Shoudy Memorial Garden,Albany,Dr. Martin Luther King Jr. Blvd,Albany,12202,ny
40.8205,-73.9143,Vogue Community Garden,bronx,431 East 156th Street,Bronx,10455,ny
42.6545,-73.7734,Dana Avenue Community Garden ,Albany,114 Dana Avenue,Albany,12208,ny
42.6497,-73.8044,Edward Street Community Garden,Albany,7 Edward Street,Cohoes,12047,ny
42.6396,-73.7619,Elfredia Textores Community Garden,Albany,74 Ellizabeth Street,Albany,12202,ny
42.7665,-73.7807,Fort's Ferry Community Garden,Albany,113 Fort's Ferry Rd,Latham,12110,ny
42.6421,-73.7778,Friendship Garden,Albany,75 Hurlbut Street,Albany ,12209,ny
42.6323,-73.772,Garland Court Community Garden,Albany,65 Garland Court,Albany ,12202,ny
42.6493,-73.8299,Hartman Road Community Garden,Albany,23 Hartman Road,Albany,12208,ny
42.6561,-73.7539,Hawk and Clinton Community Garden,Albany,102 Clinton Ave,Albany,12210,ny
42.652,-73.7624,Hudson Avenue Community Garden,Albany,Husdson-Jay Park,Albany,12210,ny
42.6494,-73.7706,Leonard Place Community Garden,Albany,26 Leonard Place,Albany,12202,ny
42.6442,-73.7613,Lincoln Park Community Garden,Albany,23 Warren Street,Albany,12203,ny
42.6672,-73.7642,Livingston Avenue Community Garden,Albany,419 Livingston Avenue,Albany,12207,ny
42.649,-73.7665,Myrtle & Irving Commuity Garden,Albany,186 Myrtle Avenue,Albany,12202,ny
42.64,-73.7835,Normanskill Farm,Albany,Delaware Avenue,Albany,12209,ny
42.6626,-73.7666,Orange Street Community Garden,Albany,442 Orange Street,Albany,12206,ny
42.6421,-73.7603,Our Children's Garden,Albany,43 Catherine Street,Albany,12202,ny
42.6409,-73.7577,Pearl Street Community Garden,Albany,South Pearl Street & Schuyler Street,Albany,12202,ny
42.66,-73.7879,Ridgefield Park community Garden,Albany,316 Partridge Street,Albany,12202,ny
42.6594,-73.7534,Sam Yanni Memorial Garden,Albany,8N 3rd Street,Albany,12204,ny
42.641,-73.7728,Sand Street Community Garden,Albany,49 Sand Street - Next to Frisbee Ave,Albany,12209,ny
42.6795,-73.8122,State Office Campus Garden,Albany,Washington Ave,Albany,12207,ny
42.661,-73.7555,Third Street Community Garden,Albany,121 3rd Street,Albany,12210,ny
42.7009,-73.9339,Town of Guilerland Community Garden,Albany,Tawasentha Park - Route 146,Altamont,12009,ny
42.6456,-73.7563,Trinity Garden,Albany,15 Trinity Place,Albany,12202,ny
42.6812,-73.7994,Westland Hills Community Garden,Albany,98 Jermain Street,Albany,12206,ny
42.6419,-73.7661,YO! Yourth Organics Garden,Albany,Third Avenue at Hawk Street,Albany,12202,ny
40.8477,-73.91,176th Street Community Garden,Bronx,1790 Walton Ave/104-106 E. 176th St.,Bronx,10453,ny
40.8778,-73.8636,211th Street Block Association Garden,Bronx,East 211th Street & Carlisle Pl,Bronx,10467,ny
40.823,-73.9167,811 Family and Friends Association,Bronx,809 Courtlandt Avenue,Bronx,10451,ny
40.8253,-73.913,A. Badillo Community Rose Garden,Bronx,924 Melrose Avenue,Bronx,10451,ny
40.8367,-73.8846,Angie Lee-Gonzalez & Luis Gonzalez Garden,Bronx,1768 Bryant Avenue,Bronx,10460,ny
40.8563,-73.9073,Aqueduct Homeowners & Associates,Bronx,2146-48 Grand Avenue,Bronx,10453,ny
40.8709,-73.8844,Bainbridge Avenue Garden,Bronx,2974-2980 Bainbridge Avenue,Bronx,10467,ny
40.845,-73.8977,Bathgate Garden,Bronx,1836 Bathgate Avenue,Bronx,10457,ny
40.8568,-73.8846,Belmont Little Farmers,Bronx,2483 Belmont Avenue,Bronx,10458,ny
40.828,-73.9143,Bettes Rose Garden,Bronx,Teller Avenue,Bronx,10456,ny
40.9,-73.8476,Bissel Gardens ,Bronx,Bissel Street,Bronx,10466,ny
40.8094,-73.9184,Brook Park,Bronx,494 East 141st Street,Bronx,10454,ny
40.8039,-73.915,Bruckner Mott Haven Garden,Bronx,Bruckner Blvd & East 136th Street,Bronx,10454,ny
40.8199,-73.887,Bryant Hill Garden (9-8 Faile St.),Bronx,Bryant Ave (300 ft N/O Seneca Ave),Bronx,10474,ny
40.8311,-73.8948,C.S. 134X - Community Improvement Garden,Bronx,1313-1311 Bristow Street,Bronx,10459,ny
40.9003,-73.8677,Carpenter Avenue Community Garden,Bronx,East 239th Street,Bronx,10470,ny
40.8142,-73.911,Cauldwell Youth Garden,Bronx,551 Cauldwell Avenue,Bronx,10455,ny
40.8205,-73.9122,Centro Cultural Rincon Criollo,Bronx,749-755 Brook Avenue,Bronx,10451,ny
40.8341,-73.9102,Claremont Neighborhood Garden,Bronx,1280 Teller Avenue,Bronx,10456,ny
40.8352,-73.909,Clay Avenue Community Garden,Bronx,1328-1332 Clay Avenue,Bronx,10456,ny
40.8458,-73.8879,Clinton Avenue Block Association,Bronx,757 East 179th Street,Bronx,10457,ny
40.838,-73.9099,College Avenue GreenThumb,Bronx,1420 College Avenue,Bronx,10456,ny
40.8459,-73.881,Concerned Tenants of Daly Avenue,Bronx,2139 Daly Avenue,Bronx,10460,ny
40.8225,-73.9159,Courtlandt Avenue Association,Bronx,364-366 East 158th Street,Bronx,10451,ny
40.8566,-73.9013,Creston Jungle Playground,Bronx,2242 Creston Avenue,Bronx,10453,ny
40.8612,-73.9034,Davidson Avenue Community Garden,Bronx,2385 Davidson Avenue,Bronx,10468,ny
40.8153,-73.9025,Demera Santiago Garden,Bronx,941-943 Avenue St. John,Bronx,10466,ny
40.8362,-73.9131,Dred Scott Bird Sanctuary Garden and Park,Bronx,1302 & 1310 Grant Avenue,Bronx,10456,ny
40.8397,-73.8796,Drew garden - I.S. 167,Bronx,East Tremont Avenue,Bronx,10453,ny
40.8157,-73.9115,Eagle Slope,Bronx,586 Westchester Ave,Bronx,10455,ny
40.8122,-73.9202,East 143rd Street Community Garden (Bronx Community & Cultural Garden or North Church Garden),Bronx,401 E. 143rd Street,Bronx,10454,ny
40.8869,-73.8654,Eastchester Road Community Garden,Bronx,Eastchester Road & E 22nd Streeet,Bronx,10469,ny
40.8228,-73.9124,Edith Community Garden (830 Elton Tnts. Assoc.),Bronx,836 Elton Avenue,Bronx,10451,ny
40.8205,-73.9092,El Batey Borincano,Bronx,811-815 Eagle Avenue,Bronx,10456,ny
40.8479,-73.8964,El Batey de Dona Provi,Bronx,504 East 178th Street,Bronx,10457,ny
40.8136,-73.9057,El Flamboyan,Bronx,Tinton Avenue & E 150th Street,Bronx,10455,ny
40.806,-73.9157,El Girasol,Bronx,624-638 East 138th Street,Bronx,10454,ny
40.8222,-73.9138,Family Group Garden,Bronx,419 East 158th street,Bronx,10451,ny
40.8524,-73.8938,Farm in the Bronx/P.S. 59,Bronx,Bet. bathgate & Washington Ave,Bronx,10457,ny
40.8638,-73.8925,Fordham Bedford Lot-Busters,Bronx,2592-2597 Bainbridge Avenue,Bronx,10458,ny
40.8215,-73.8896,Mildred T. Rhodebeck Garden (Garden of Eden),Bronx,927 Faile Street,Bronx,10474,ny
40.8115,-73.9188,Frank White Memorial Garden,Bronx,506-508 West 143rd Street,Bronx,10456,ny
40.8261,-73.9056,Franklin Memorial Garden,Bronx,1060-1062 Cauldwell Avenue,Bronx,10456,ny
40.8295,-73.9249,Garden of Eden - Alvarez Community Group Garden,Bronx,N/S E. 162nd Street,Bronx,10451,ny
40.8441,-73.9074,Garden of Eden - Bronx,Bronx,1686 Weeks Avenue,Bronx,10457,ny
40.8483,-73.8855,Garden of Happiness,Bronx,2156-2160 Prospect Avenue,Bronx,10457,ny
40.8439,-73.9077,Garden of Life,Bronx,1685 Weeks Avenue,Bronx,10457,ny
40.8215,-73.9156,Garden of Life & Health,Bronx,East 157th St/Melrose Ave,Bronx,10451,ny
40.8533,-73.8931,Garden of Youth,Bronx,E 182nd Street,Bronx,10457,ny
40.8297,-73.9045,Genesis Park - St. Augustine School of the Arts,Bronx,1189 Franklin Avenue,Bronx,10456,ny
40.8386,-73.8522,Glover Street Community Garden,Bronx,1642 Glover Street,Bronx,10462,ny
40.8303,-73.9165,Grant Avenue Garden,Bronx,1062 Grant Avenue,Bronx,10456,ny
40.8056,-73.8571,Harding Park Beautification Project,Bronx,155 Harding Park,Bronx,10473,ny
40.8174,-73.8444,Havemeyer Garden Association,Bronx,2301-11 Lacombe Avenue,Bronx,10473,ny
40.8437,-73.8836,Hispanos Unidos - Daly Ave. Block Association,Bronx,2035 Honeywell Avenue,Bronx,10460,ny
40.8321,-73.9218,Hope of Israel Senior Citizens Center,Bronx,1068 Gerard Avenue,Bronx,10452,ny
40.8149,-73.9068,Isla Verde Garden,Bronx,625 Wales Avenue,Bronx,10455,ny
40.8281,-73.9023,Jackson Forest/Morrisania Concerned Citizens,Bronx,722 & 736 Home Street,Bronx,10456,ny
40.8258,-73.9068,Jacqueline Denise Davis Garden,Bronx,1022-1024 Boston Road (north of E 165th Street,Bronx,10456,ny
40.8379,-73.9035,Jardin de la Familia,Bronx,1507 Washington Avenue,Bronx,10456,ny
40.8581,-73.9048,Jardin de la Rosas,Bronx,15 buchanan Place,Bronx,10453,ny
40.8228,-73.9125,Jardin la Roca/Rock Garden,Bronx,160 Elton Avenue,Bronx,10451,ny
40.8778,-73.9131,JFK High School - Enchanted Garden,Bronx,99 Terrace View Avenue,Bronx,10463,ny
40.8282,-73.8911,Jose Gonzalez House Community Garden,Bronx,1175 Hoe Avenue,Bronx,10459,ny
40.8775,-73.9012,Kingsbridge Heights Community Center,Bronx,31-01 Kingsbridge Terrace,Bronx,10463,ny
40.8436,-73.8809,Krystal Community Garden,Bronx,2085-2093 Vyse Avenue,Bronx,10460,ny
40.8132,-73.9304,La Finca Del Sur/South Bronx Farmers,Bronx,138th & Grand Concourse,Bronx,10451,ny
40.832,-73.9292,La Isla,Bronx,96-98 West 163rd Street,Bronx,10452,ny
40.8358,-73.9252,Las Casitas Community Garden,Bronx,1126-1140 Woodycrest Avenue,Bronx,10452,ny
40.8216,-73.9141,Latinos Unidos,Bronx,427 East 157th Street,Bronx,10451,ny
40.8389,-73.9037,Little Claremont Park - C.E.S. 42X,Bronx,3830 Park Ave/438-44 Clarmont Pkwy,Bronx,10457,ny
40.8246,-73.9143,Little Green Garden,Bronx,377-81 E. 161st Street,Bronx,10451,ny
40.8248,-73.8757,Manor Avenue Seniors Garden,Bronx,1025 Manor Avenue,Bronx,10472,ny
40.824,-73.9149,Melrose New Generation,Bronx,375-377 East 160th St,Bronx,10451,ny
40.8059,-73.919,Millbrook's Community Garden,Bronx,530 E. 137th Street,Bronx,10454,ny
40.8309,-73.8947,Model T,Bronx,1312 Bristow Street,Bronx,10459,ny
40.8293,-73.8911,Morning Glory Community Garden,Bronx,1221 Hoe Ave,Bronx,10459,ny
40.8544,-73.9042,Morris Garden,Bronx,2096 Morris Ave,Bronx,10453,ny
40.8403,-73.9253,Mosaic Center (Success Garden),Bronx,1315-31 Ogden Avenue,Bronx,10452,ny
40.8278,-73.9422,Neighborhood Advisory Committee,Bronx,360-362 East 151st Street,Bronx,10455,ny
40.8227,-73.89,New Hoe Avenue Garden,Bronx,958 New Hoe Avenue,Bronx,10459,ny
40.8346,-73.8852,North LUBAs Community Rock Garden,Bronx,1665 Longfellow Avenue,Bronx,10460,ny
40.8209,-73.9173,NYRP Members Group (Dalia Group),Bronx,724 Courtlandt Avenue,Bronx,10451,ny
40.8079,-73.9178,Padre Plaza (Success Garden),Bronx,541-545 E 139th Street,Bronx,10451,ny
40.822,-73.9088,Palmas del Caribe (Eagle Avenue Community Garden),Bronx,869 Eagle Avenue,Bronx,10456,ny
40.8265,-73.8939,Paradise on Earth Garden,Bronx,1101-1105 Fox Street,Bronx,10459,ny
40.8152,-73.9135,Passages Academy,Bronx,511 East 149th Street,Bronx,10455,ny
40.8518,-73.9171,Popham Park,Bronx,200 W Tremont Avenue,Bronx,10453,ny
40.8233,-73.915,Rainbow Block Association,Bronx,379 East 159th Street,Bronx,10451,ny
40.8121,-73.8668,Randall Community Garden (Taylor Soundview Block Association),Bronx,Randall Avenue,Bronx,10473,ny
40.8784,-73.8848,Risse Street Community Garden (Triangle Park),Bronx,2 East Mosholu Parkway,Bronx,10467,ny
40.8415,-73.8767,River Garden,Bronx,1086 East 180th Street,Bronx,10460,ny
40.8389,-73.9224,Roberto Clemente Community Garden,Bronx,1272-1280 Shakespeare Avenue,Bronx,10452,ny
40.8837,-73.9188,Schervier Community Garden,Bronx,2975 Independence Avenue,Bronx,10463,ny
40.8234,-73.8991,Schomburg Satelite Academy H.S.,Bronx,869 E 164th Street,Bronx,10459,ny
40.8365,-73.8878,Seabury MBD Community Park,Bronx,1700 Southern Blvd,Bronx,10460,ny
40.8364,-73.9029,Secret Gardens,Bronx,1460 Washington Ave,Bronx,10456,ny
40.8282,-73.9192,Sherman Avenue Community Garden,Bronx,953-955 Sherman Avenue,Bronx,10456,ny
40.8172,-73.9114,St. Ann's Block Garden Association,Bronx,666-68 St. Ann's Avenue,Bronx,10455,ny
40.8641,-73.8892,Sullivan Park,Bronx,2662 Decatur Avenue,Bronx,10458,ny
40.8053,-73.9153,Sunflower Garden,Bronx,639 East 1`37th Street,Bronx,10454,ny
40.8325,-73.9289,Taqwa Community Farm,Bronx,90 W 164th Street,Bronx,10452,ny
40.8329,-73.9271,Target Community Garden - Bronx,Bronx,Anderson Ave & 164th Street,Bronx,10452,ny
40.8527,-73.9132,The Learning Tree,Bronx,1885 University Ave (Behind Calvary),Bronx,10453,ny
40.8469,-73.911,Townsend Garden (Mt. Hope Housing Co.),Bronx,1735 Walton Avenue,Bronx,10453,ny
40.8469,-73.894,Tremont Community Garden,Bronx,East 178th Street & LaFontaine Avenue,Bronx,10457,ny
40.8477,-73.8933,United Garden,Bronx,2014 LaFontaine Avenue,Bronx,10457,ny
40.8053,-73.9154,United We Stand Garden,Bronx,"627, 631, 635 E 137th Street",Bronx,10454,ny
40.8357,-73.9011,Victory Garden  - Crotona Park,Bronx,Fulton Avene / 171 St / Crotona Park South,Bronx,10030,ny
40.847,-73.8825,Volky Flower Garden,Bronx,851 Hornaday Place,Bronx,10460,ny
40.8069,-73.9219,Wanaqua Garden,Bronx,460-464 E. 136th Street,Bronx,10454,ny
40.8097,-73.8505,Waterfront Community Garden,Bronx,2008 Gildersleeve Avenue,Bronx,10473,ny
40.8151,-73.9011,William Rainey Garden,Bronx,685 Beck Street,Bronx,10460,ny
40.8195,-73.8986,Wishing Well Garden,Bronx,886 Reverend James A. Polite Avenue,Bronx,10459,ny
40.8313,-73.9294,Woodycrest Avenue Community Garden,Bronx,947 Woodycrest Avenue,Bronx,10452,ny
40.8642,-73.9008,Davidson Avenue Community Gardeners Group,Bronx,2502 Davidson Avenue,Bronx,10468,ny
42.0976,-75.9046,Columbus Park Community Garden,Broome,26 Columbus Park East,Binghamton,13901,ny
42.0795,-75.9126,Corbett Avenue Community Garden,Broome,26 Corbett Ave,Binghamton,13903,ny
42.1061,-75.9234,Gregory Lane Community Garden,Broome,9 Gregory Lane,Binghamton,13905,ny
42.1015,-75.9312,Laurel Community Garden,Broome,124 Laurel Ave,Binghamton,13903,ny
42.1081,-75.8998,Liberty Street Community Garden,Broome,79 Liberty Street,Binghamton,13901,ny
42.1028,-75.9237,Mather Street Community Garden,Broome,26 Mather Street,Binghamton,13905,ny
42.1022,-75.9024,Pine Street Community Garden,Broome,67 Pine Street,Binghamton,13902,ny
42.9224,-76.5642,Case Mansion Community Garden,Cayuga,180 South Street,Auburn,13021,ny
42.9298,-76.5881,St. Francis Park,Cayuga,25 Underwood Street,Auburn,13022,ny
42.0986,-79.2244,Allen Street Community Garden,Chautauqua,Allen Street,Jamestown,14703,ny
42.1002,-79.2362,Lakeview Avenue Community Garden,Chautauqua,Lakeview Avenue,Jamestown,14701,ny
42.0997,-79.2451,Washington Street Community Garden,Chautauqua,Washington Street,Jamestown,14702,ny
42.081,-76.8056,Tanglewood's Nature Rangers,Chemung,215 Partridge Street,Elmira,14904,ny
44.6778,-73.4624,Plattsburgh Community Garden,Clinton,4817 South Catherine Street,Plattsburgh,12901,ny
44.7067,-73.4618,Plattsburgh Community Garden,Clinton,Penfield Park - 139 Boynton Avenue,Platsburgh,12901,ny
42.3719,-73.6054,Crellin Park Community Garden,Columbia,Crellin Park,Chatham,12037,ny
42.2515,-73.7891,First Presbyterian Church,Columbia,369 Warren Street,Hudson,12534,ny
42.2552,-73.7925,Hudson Community Garden,Columbia,Columbia Street & N 2nd Street,Hudson,12534,ny
42.5911,-76.1834,Youth Community Garden,Cortland,3 South Ave,Cortland,13045,ny
42.3847,-74.8582,Farm Catskills,Delaware,87 Sal Bren Road,Delhi,13753,ny
42.0304,-73.9068,Bard College Community Garden,Dutchess,Ward manor,Annadale-on-Hudson,12504,ny
41.7034,-73.9209,Fall Kill Partnership Garden,Dutchess,29 N Hamilton Street,Poughkeepsie,12601,ny
41.7804,-73.7393,Green Teen Community Gardening Program,Dutchess,2715 Rt 44,Millbrook,12545,ny
41.8016,-73.9371,Hyde Park Community Garden,Dutchess,4526 Albany Post Road,Hyde Park,12538,ny
41.9834,-73.8814,Red Hook Community Garden,Dutchess,7282-7296 South Broadway,Red Hook,12571,ny
41.5392,-73.9551,Stony Kill Foundation,Dutchess,79 Farmstead Lane,Wappingers Falls,12590,ny
41.6768,-73.8967,Vassar Community Gardens,Dutchess,Vassar Farm Lane,Poughkeepsie,12603,ny
42.8986,-78.891,7th and Penn Rose Garden,Erie,463 7th Street,Buffalo,14201,ny
42.9163,-78.8884,Arnold Street Block Club,Erie,52 Arnold Street,Buffalo,14213,ny
42.9072,-78.8654,Art Space Community Garden,Erie,1070 Ellicott Street,Buffalo,14209,ny
42.9294,-78.8885,Asaresse community Center Garden,Erie,40 Rees Street,Buffalo,14213,ny
42.9112,-78.8757,Atlantic West Utica Garden,Erie,244 West Utica Street,Buffalo,14222,ny
42.8705,-78.8349,Babcock Community Garden,Erie,1179 Seneca Street,Buffalo,14210,ny
42.9436,-78.8133,Bailey-Dartmouth Community Garden,Erie,3259 Bailey Avenue,Buffalo,14215,ny
42.9001,-78.8336,Barakah Community Garden,Erie,384 Sweet Street,Buffalo,14211,ny
42.8976,-78.8903,Beecher Street Block Club Community Garden,Erie,Corner of 7th Ave and Pennsylvania Ave,Buffalo,14201,ny
42.9367,-78.902,Blackrock Heritage Garden,Erie,269 Dearborn Street,Buffalo,14207,ny
42.7116,-78.9326,Blessed John Paul II Parish Community Garden,Erie,2052 Lakeview Road,Lakeview,14085,ny
42.9106,-78.8961,Buffalo Public School 18 Community Garden,Erie,125 Hampshire Street,Buffalo,14213,ny
42.9091,-78.8868,Buffalo Public School 30 Garden,Erie,21 Lowell Place,Buffalo,14213,ny
42.9025,-78.8859,Buffalo Shakespeare Garden,Erie,453 Porter Avenue,Buffalo,14201,ny
42.9055,-78.8656,Calvary Community Co-op Garden,Erie,1007 Elicott Street,Buffalo,14209,ny
42.9215,-78.8223,Cambridge Avenue Community Garden,Erie,249 Cambridge Avenu,Buffalo,14215,ny
42.9042,-78.8878,Cottage District York Garden,Erie,60 York Street,Buffalo,14213,ny
42.921,-78.8071,Courtland Ave Community Tree Farm,Erie,58 Courtland Avenue,Buffalo,14214,ny
42.9382,-78.8358,Elim Church Garden,Erie,70 Chalmers Avenue,Buffalo,14214,ny
42.958,-78.9021,Esser Avenue Community Garden,Erie,235 Esser Avenue,Buffalo,14207,ny
42.8908,-78.8787,Evergreen Health Service Garden,Erie,204 South Elmwood Avenue,Buffalo,14201,ny
42.9015,-78.8875,Fargo Estate Garden,Erie,Corner of West Avenue and Jersey Street,Buffalo,14201,ny
42.9008,-78.8892,Fargo Estate Neighborhood Association,Erie,220 Jersey Street,Buffalo,14201,ny
42.9407,-78.9018,Farmers Garden Patch,Erie,Farmer Street & Guernsey Street,Buffalo,14207,ny
42.8174,-78.8277,First Presbyterian Church Community Garden,Erie,9 St. John's Place,Buffalo,14201,ny
42.881,-78.831,Food Bank Community Garden,Erie,91 Holt Street,Buffalo,14206,ny
42.8987,-78.8576,Friendly Fruitbelt Community Garden,Erie,306 Carslton Street,Buffalo,13204,ny
42.8944,-78.8627,Fruitbelt Coalition,Erie,37 Mulberry Street,Buffalo,14204,ny
42.9065,-78.8941,Garden in The Sun,Erie,382 Fargo Ave,Buffalo,14213,ny
42.8837,-78.8641,Garden of Stewardship,Erie,250 Clinton St.,Buffalo,14204,ny
42.9081,-78.8404,Girard Place Garden of Love,Erie,73 Girasrd Place,Buffalo,14211,ny
42.9125,-78.837,Glenwood Community Garden,Erie,760 Glenwood Ave,Buffalo,14211,ny
42.9194,-78.8631,Green Entrepreneurial Center Community Gardens,Erie,70 Harvard Place,Buffalo,14209,ny
42.9229,-78.8884,Greenwood Community Garden,Erie,97 Greenwood Place,Buffalo,14213,ny
42.9126,-78.8879,Growing Green,Erie,389 Massachusetts Avenue,Buffalo,14213,ny
42.9209,-78.8947,Helen Street Community Garden,Erie,11 Helen Street,Buffalo,14213,ny
42.9225,-78.8252,Humber Grider community Garden,Erie,852 East Delavan Avenue,Buffalo,14215,ny
42.8997,-78.8907,Jersey and Niagara Garden,Erie,Jersey Street and Niagara Street,Buffalo,14201,ny
42.9167,-78.8888,Journey's End Refugee Garden,Erie,345 Breckenridge Street,Buffalo,14213,ny
40.6885,-73.9606,Lafayette High School Garden,Erie,370 Lafayette Avenue,Buffalo,14213,ny
42.9029,-78.8854,Life Memorial Park,Erie,458 Porter Avenue,Buffalo,14201,ny
42.888,-78.8368,Lombard Clark Community Garden,Erie,71 Lombard Street,Buffalo,14212,ny
42.8984,-78.8842,Lugar Hermoso de Pedro Community Garden,Erie,Corner of Hudson Street and West Avenue,Buffalo,14201,ny
42.9003,-78.8338,Madinah Beautification Garden,Erie,384 Sweet Street,Buffalo,14211,ny
42.8787,-78.8811,Marine Drive Apartments,Erie,147 Marine Drive,Buffalo,14202,ny
42.8964,-78.8835,Maryland Street Community Garden,Erie,259 Maryland Street (Corner of 10th and Maryland),Buffalo,14201,ny
42.8841,-78.862,Montessori Outdoor Learning Experience (M.O.L.E.),Erie,342 Clinton Street,Buffalo,14204,ny
42.9008,-78.8892,Mulberry Garden,Erie,220 Jersey Street,Buffalo,14201,ny
42.8683,-78.8515,Nature EdVentures Community Garden,Erie,93 Leddy Street,Buffalo,14210,ny
42.8994,-78.8909,Niagara and Jersey Garden,Erie,584 Niagara Street,Buffalo,14201,ny
42.8675,-78.8629,Old First Ward Community Center Garden,Erie,106 Vincenne Street,Buffalo,14204,ny
42.8899,-78.8341,Paderewski Community Garden,Erie,400 Paderewski Drive,Buffalo,14212,ny
42.9042,-78.8606,Pelion Community Garden,Erie,206 Best Street,Buffalo,14209,ny
42.9054,-78.8655,Project Feed Community Garden,Erie,1007 Ellicott Street,Buffalo,14209,ny
42.8923,-78.8818,Prospect Community Garden,Erie,109 Prospect Avenue,Buffalo,14201,ny
42.9192,-78.884,Putnam Street Community Garden,Erie,83 Putnam Street,Buffalo,14213,ny
42.8983,-78.8309,Response to Love Community Garden,Erie,130 Kosciuszko Street,Buffalo,14212,ny
42.9025,-78.8386,Resurrection Village Garden,Erie,1069 Genesee Street,Buffalo,14211,ny
42.9048,-78.8803,Richmond Summer Senior Center,Erie,337 Summer Street,Buffalo,14222,ny
42.9499,-78.9035,Riverside Peace Garden,Erie,179 Ontario Street,Buffalo,14207,ny
42.9076,-78.8474,Rosa Gibson Garden of Love,Erie,526 Northampton Street,Buffalo,14208,ny
42.9227,-78.802,Saint Lawrence Church Kitchen Demonstration Garden,Erie,1477 East Delevan Avenue,Buffalo,14215,ny
42.9156,-78.8066,Schiller Park Community Services,Erie,2056 Genesee Street,Buffalo,14211,ny
42.9056,-78.8888,Sculpture Garden,Erie,330 Connecticut Street,Buffalo,14213,ny
42.8705,-78.8349,Seneca Babcock Association Garden,Erie,1179 Seneca Street,Buffalo,14210,ny
42.8528,-78.8072,Seneca Street Community Garden,Erie,2195 Seneca Street,Buffalo,14210,ny
42.9022,-78.8875,Serenity Garden,Erie,363 West Avenue,Buffalo,14224,ny
42.8875,-78.8384,South Fillmore Block Club Garden,Erie,74 Gibson Street,Buffalo,14206,ny
42.888,-78.8045,Spirit of Truth Garden,Erie,115 Gold Street,Buffalo,14206,ny
42.9803,-78.8771,St. Andrew's Country Day School Family & Community Garden,Erie,1545 Sheridan Drive,Kenmore,14217,ny
42.9225,-78.8021,St. Lawrence Church,Erie,1477 East Delevan Avenue,Buffalo,14215,ny
42.8934,-78.8375,The Broadway Market Community Rooftop Garden,Erie,999 Broadway,Buffalo,14212,ny
42.8834,-78.8642,The Garden of Stewardship (Central City Cafe),Erie,250 Clinton Street,Buffalo,14204,ny
40.7835,-73.9611,Trinity/Tupper Community Garden,Erie,Trinity Place and Tupper Avenue,Buffalo,14201,ny
42.9434,-78.8137,University District Block Club Coalition Community Garden,Erie,Corner of Bailey Ave and Dartmout Ave,Buffalo,14215,ny
42.9682,-78.8228,University Height Collaborative Community Garden,Erie,73 Tyler Street,Buffalo,14214,ny
42.868,-78.851,Valley Community Garden,Erie,93 Leddy Street,Buffalo,14210,ny
42.9093,-78.8848,Vermont Triangle Community Garden,Erie,395 Vermont Street,Buffalo,14213,ny
42.8962,-78.8788,VETTE Block Club Garden,Erie,200 Edward Street,Buffalo,14201,ny
42.9636,-78.8772,Victoria Ave Block Club,Erie,195 Victoria Garden,Buffalo,14217,ny
42.9344,-78.8319,Wakefield Community Garden,Erie,195 Wakefield Avenue,Buffalo,14214,ny
42.8947,-78.848,We Care Community Gardens,Erie,623 Sycamore Street,Buffalo,14212,ny
42.8942,-78.8489,We Care Community Gardens,Erie,595 Sycamore Street,Buffalo,14212,ny
42.8945,-78.8487,We Care Community Gardens,Erie,601 Sycamore Street,Buffalo,14212,ny
42.9113,-78.8757,West Utica Garden,Erie,244 West Utica Street,Buffalo,14222,ny
42.9065,-78.8376,Wholistic Health Collective Garden,Erie,134 North Parade,Buffalo,14208,ny
42.8965,-78.8359,Woltz Community Garden,Erie,96 Woltz Avenue,Buffalo,14212,ny
42.9139,-78.8622,Woodlawn United Block Club,Erie,72 Woodlawn Avenue,Buffalo,14219,ny
42.9156,-78.8064,Youth Operated Community Garden,Erie,2056 Genesee Street,Buffalo,14211,ny
44.3653,-73.3903,Champlain Valley Senior Community Garden,Essex,10 Gilliland Lane,Willsboro,12996,ny
43.9535,-73.4423,Crown Point Community Garden,Essex,Miller Drive,Crown Point,12928,ny
44.2164,-73.5873,Elizabethtown Social Center Community Garden,Essex,11 Lawrence Way,Elizabethtown,12932,ny
44.3534,-73.3711,Florence Hathaway Park Community Garden,Essex,Florence Hathaway Park - Essex Road,Willsboro,12996,ny
44.3158,-73.7715,Jay Community Garden,Essex,Groove Street,Jay,12941,ny
44.4419,-73.6653,Jay Community Garden,Essex,Francis M. Pattno & John F. Gale Memeorial Park - Grove Street,Jay,12941,ny
44.2202,-73.7867,Keene Community Garden,Essex,Marcy Field,Keene,12942,ny
44.1883,-73.7897,Keene Valley Central School Garden,Essex,33 Market Street,Keene Valley,12943,ny
44.2628,-73.9744,Lake Placid Community Garden,Essex,Old Military Road near Old John Brown Road,North Elba,12946,ny
44.2757,-73.5659,Lewis Community Garden,Essex,First Congregational Church - Rt 9,Lewis,12950,ny
43.7706,-73.9355,Minerva Community Garden & Minerva Central School Garden,Essex,1466 County Route 29,Olmstedville,12857,ny
40.6825,-73.9323,Mt. Lebanon Baptist Church,Kings,354 Stuyvesant Avenue,Brooklyn,11233,ny
43.9581,-74.108,Newcomb Community Garden,Essex,Marcy Lane,Newcomb,12852,ny
43.8359,-73.7617,Schroon Lake Community Garden,Essex,Main Street,Schroon Lake,12870,ny
43.8508,-73.438,Ticonderoga Community Garden,Essex,1045 Wicker Street,Ticonderoga,12883,ny
44.1867,-73.4445,Westport Central School Garden,Essex,25 Sisco Street,Westport,12993,ny
44.376,-73.3931,Willsboro Central School Garden,Essex,29 School Lane,Willsboro,12996,ny
44.3859,-73.8161,Wilmington Community Garden,Essex,7 Community Center Circle,Wilmington,12997,ny
44.3868,-73.8137,Youth Garden,Essex,Youth Center - Park Lane,Wilmington,12997,ny
44.3247,-74.1428,Bloomingdale Elementary School Garden,Franklin,79 Canavas Ave,Saranac Lake,12983,ny
44.3405,-74.1405,Common Ground Garden - Old Lake Colby Rd.,Franklin,254 Old Lake Colby Road,Saranac Lake,12983,ny
44.3172,-74.1124,Common Ground Garden - Willow Way,Franklin,Goose Hill off Mc Kenzie Pond Rd,Saranac Lake,12983,ny
44.2354,-74.4676,Tupper Lake Community Garden,Franklin,120 Demars Boulevard,Tupper Lake,12986,ny
43.0471,-74.3431,Fremont Neighborhood Garden,Fulton,Fremont Street and Forest Street,Gloversville,12078,ny
44.2316,-76.1106,Zenda Community Garden,Jefferson,38973 Zenda Farm Road,Clayton,13624,ny
40.6614,-73.9489,St. Francis of Assisi Peace Garden,KIings,400 Lincoln Road,Brooklyn,11225,ny
40.6859,-73.9572,100 Quincy Community Garden,Kings,100 Quincy St,Brooklyn,11238,ny
40.5782,-73.992,23rd Street Community Garden,Kings,2403 Neptune Ave,Brooklyn,11224,ny
40.6632,-73.8897,400 Montauk Avenue Block Association (Ismael Vega y Amigos),Kings,New Lots Avenue,Brooklyn,12208,ny
40.6832,-73.9356,462 Halsey Community Garden,Kings,462 Halsey Street,Brooklyn,11233,ny
40.7275,-73.95745,61 Franklin Street Community Garden,Kings,61 Franklun St,Brooklyn,11222,ny
40.6252,-73.9986,64th Street Community Garden,Kings,64th Street,Brooklyn,11220,ny
40.6833,-73.9148,700 Decatur Street Block Association,Kings,700 Decatur Street,Brooklyn,11233,ny
40.6784,-73.9282,A Better Community Garden,Kings,762-764 Herkimer Place/13-21 Hunterfly,Brooklyn,11233,ny
40.6826,-73.9805,A Small Green Patch,Kings,348 Bergen Street,Brooklyn,11217,ny
40.6835,-73.9051,Aberdeen Street Community Garden,Kings,Aberdeen Street,Brooklyn,11207,ny
40.6595,-73.9059,Abib Newborn,Kings,495 Osborn Street,Brooklyn,11212,ny
40.6943,-73.946,All People's Church of the Apostolic Faith Community Garden,Kings,149 Tompkins Avenue,Brooklyn,11206,ny
40.6832,-74.0035,Amazing Garden,Kings,261-265 Columbia Street,Brooklyn,11231,ny
40.6656,-73.9133,Amboy St. Garden,Kings,199 Amboy Street,Brooklyn,11212,ny
40.6931,-73.9467,American Heart,Kings,122 Hart Street,Brooklyn,11206,ny
40.6196,-73.9353,Ancient Order of Gardeners,Kings,1550 Hendrickson Street,Brooklyn,11234,ny
40.699,-73.9153,Arboleda de Ninos/Children's Grove,Kings,1480-86 Myrtle Ave,Brooklyn,11237,ny
40.6738,-73.8785,Atkins Gardeners,Kings,213 Atkins Avenue,Brooklyn,11208,ny
40.6833,-74.0057,Backyard Garden ,Kings,61-73 Hamilton Avenue,Brooklyn,11231,ny
40.6904,-73.9303,Bed-Stuy Community Garden (Lola Bryant Community Garden),Kings,93-95 Malcolm X Avenue,Brooklyn,11221,ny
40.6821,-73.9269,Bed-Stuy Farm,Kings,404 Decatur Street,Brooklyn,11233,ny
40.7134,-73.9638,Berry Street Garden,Kings,301-303 Berry Street,Brooklyn,11211,ny
40.6687,-73.8896,Big Red Garden,Kings,436 Van Siclen Avenue,Brooklyn,11207,ny
40.5742,-73.9886,Boardwalk Garden,Kings,3001-31 W. 22nd Street,Brooklyn,11124,ny
40.6685,-73.8914,Bradford Gardens,Kings,422-424 Bradford,Brooklyn,11207,ny
40.7043,-73.9846,Bridge Plaza Community Garden,Kings,Bridge St,Brooklyn,10004,ny
40.6278,-73.9424,Brooklyn Bears/Pacific Street Garden,Kings,Flatbush Avenue,Brooklyn,11215,ny
40.6345,-74.0338,Brooklyn Bears/Rockwell Place Garden,Kings,65-73 Flatbush Avenue,Brooklyn,11201,ny
40.6307,-73.9564,Brooklyn College Garden,Kings,Campus Road and Avenue H,Brooklyn,11210,ny
40.6812,-73.9619,Brooklyn's Finest Garden,Kings,48 Lefferts Place,Brooklyn,11238,ny
40.6858,-73.9713,Brooklyn Bears/Carlton Avenue Garden,Kings,397-401 Carlton Avenue,Brooklyn,11205,ny
40.6788,-73.916,BSCAH Saratoga Farm,Kings,"1965, 1969, 1971, 1973 Fulton Street",Brooklyn,11233,ny
40.6684,-73.8894,C.A.U.S.A. Festival Garden,Kings,790 Blake Avenue,Brooklyn,11208,ny
40.638,-73.8981,Canarsie Blooms,Kings,1385 East 94th Street,Brooklyn,11236,ny
40.6762,-73.9848,Carroll Street Commuity Garden (Our Lady of Peace Church or Gil Hodges Garden),Kings,534 Carroll Street,Brooklyn,11215,ny
40.6875,-73.9591,Cedar Tree Garden,Kings,305 Greene Avenue,Brooklyn,11238,ny
40.6816,-73.9257,Central Bainbridge Block Association Inc.,Kings,227-279 Bainbridge Street,Brooklyn,11233,ny
40.6875,-73.9269,Citizens for a Better Community,Kings,127 Patchen Avenue,Brooklyn,11221,ny
40.6743,-73.8891,Clara's Garden,Kings,573-579 Glenmore Avenue,Brooklyn,11207,ny
40.6839,-73.9593,Classon/Ful-Gate Block Association,Kings,474 Classon Avenue,Brooklyn,11238,ny
40.6741,-73.8843,Cleveland Street Vegetable Garden,Kings,433-435 Cleveland Street,Brooklyn,11208,ny
40.6876,-73.9623,Clifton Place Garden,Kings,289 Grand Avenue,Brooklyn,11238,ny
40.6887,-73.99549,Clifton Place Memorial Park & Garden,Kings,1031-35 Bedford Avenue,Brooklyn,11216,ny
40.6336,-74.0339,Concerned Citizens of Grove Street,Kings,72-74 Grove Street,Brooklyn,11221,ny
40.6743,-73.8879,Concerned Residents of Barbey Street,Kings,606 Glenmore Avenue,Brooklyn,11207,ny
40.6739,-73.8779,Concerned Residents of Montauk Avenue,Kings,214 Montauk Avenue,Brooklyn,11208,ny
40.6847,-73.9108,Cooper Street Block Buster Block Association,Kings,41 Cooper Street,Brooklyn,11207,ny
40.6843,-73.9106,Cooper Street Gardeners,Kings,34 Cooper Street,Brooklyn,11207,ny
40.6751,-73.8743,Crystal Street Block Association Community Garden,Kings,Crystal Street,Brooklyn,11208,ny
40.6842,-73.9843,David Foulke Community Garden,Kings,248-250 Bergen Street,Brooklyn,11217,ny
40.6858,-73.9101,Decatur Street Community Garden,Kings,1052 Decatur Street,Brooklyn,11207,ny
40.6753,-73.8727,Doscher Street Block Association ,Kings,Doscher Street,Brooklyn,11208,ny
40.6483,-73.9773,East 4th St. Com. Gar. (Windsor Terrace Kensington Veterans Mem.),Kings,171 E 4th Street,Brooklyn,11218,ny
40.6593,-74.0065,East End Community Garden,Kings,530-2 Glenmore Avenue/260 Van Siclen Avenue,Brooklyn,11207,ny
40.6654,-73.8869,East New york Farms,Kings,648 Hendrix St,Brooklyn,11207,ny
40.6995,-73.9306,El Garden,Kings,120 Jefferson Street,Brooklyn,11206,ny
40.7124,-73.9595,El Puente: Espiritu Tierra Community Garden,Kings,203-207 South 2nd Street,Brooklyn,11221,ny
40.6686,-73.8818,Elton Street Block Association ,Kings,585 Elton Street,Brooklyn,11208,ny
40.6649,-73.8979,ENY Success Garden,Kings,449-461 Williams Avenue/470 Alab,Brooklyn,11207,ny
40.6802,-73.883,Essex Street Garden,Kings,3030 Fulton St,Brooklyn,11208,ny
40.6741,-73.8717,Euclid 500 Block Association ,Kings,532 Euclid Avenue,Brooklyn,11208,ny
40.6699,-73.8696,Euclid Pine Block Association,Kings,Pine Street and Dumont Ave,Brooklyn,11208,ny
40.6898,-73.9549,Family Affair Neighborhood Park,Kings,1007 Bedford Avenue,Brooklyn,11205,ny
40.6656,-73.9097,Family and Friends,Kings,"Rockaway Avenue, S/E/C Riverdale",Brooklyn,11212,ny
40.6644,-73.9171,Fantasy Garden,Kings,181 Legion Street,Brooklyn,11212,ny
40.6744,-73.9184,Farmers Garden,Kings,1897-1905 Bergen Street,Brooklyn,11233,ny
40.6782,-73.9266,Farr Community Garden,Kings,808 Herkimer Street,Brooklyn,11233,ny
40.6877,-73.9444,First Quincy Street GreenThumb Garden,Kings,397-401 Quincy Street,Brooklyn,11221,ny
40.6667,-73.8907,First Temple of David,Kings,494 Bradford Street,Brooklyn,11207,ny
40.6463,-73.9647,Flatbush CommUNITY Garden,Kings,1522  Albemarle Road,Brooklyn,11226,ny
40.6736,-73.8846,Floral Vineyard,Kings,2379-2385 Pitkin Avenue,Brooklyn,11238,ny
40.5898,-73.8949,"Floyd Bennet Field, Ryan Visitors",Kings,"Floyd Bennet Field, 1 Ryan Visitors Center",Brooklyn,11234,ny
40.7023,-73.9922,Fulton Ferry Gardens,Kings,Old Fulton Street/Front Street/BQE,Brooklyn,11201,ny
40.6907,-73.9286,Garden of Angels,Kings,978 Greene Avenue,Brooklyn,11221,ny
40.6834,-73.9401,Garden of Hope,Kings,392 Hancock Street,Brooklyn,11216,ny
40.652,-74.0007,Garden of Union (Annie's Garden),Kings,"634-36, 640 Union Street",Brooklyn,11217,ny
40.6741,-73.887,Garden Party,Kings,316-318 Jerome St/624 Glenmore A,Brooklyn,11207,ny
40.6368,-74.0265,GEC Greenhouse Program,Kings,260 68th Street,Brooklyn,11220,ny
40.661,-73.8944,Georgia Avenue Community Garden,Kings,328 New Lots Avenue,Brooklyn,11207,ny
40.5911,-73.9237,Gerritsen Gardens,Kings,2807 Gerritsen Avenue,Brooklyn,11229,ny
40.659,-73.9097,Gethsemane Garden,Kings,144 Newport Street,Brooklyn,11212,ny
40.6763,-73.9847,Gil Hodges Community Garden,Kings,534 Carroll Street,Brooklyn,11215,ny
40.6742,-73.8899,Glenmore Hendrix Block Association,Kings,555 Glenmore Avenue,Brooklyn,11207,ny
40.6707,-73.8799,Good Shepherd's Community Group,Kings,555-557 Shepherd Avenue,Brooklyn,11208,ny
40.6588,-74.0059,Granite Street Block Association,Kings,28-32 Granite Street,Brooklyn,11207,ny
40.688,-73.7619,Greene Acres Community Garden,Kings,324 Franklin Street,Brooklyn,11238,ny
40.7198,-73.9533,Green Dome,Kings,229 North 12th Street,Brooklyn,11211,ny
40.6763,-73.8751,Green Gems,Kings,947-953 Glenmore Avenue,Brooklyn,11208,ny
40.6881,-73.9513,Greene Avenue Untied Neighbors Association ,Kings,490 Greene avenu,Brooklyn,11216,ny
40.676,-73.9811,GreenSpace @ President Street,Kings,222 Fifth Avenue,Brooklyn,11215,ny
40.6726,-73.8857,Gregory's Garden (P.S. 158 Memorial Garden),Kings,"444,448 Warwick Avenue",Brooklyn,11207,ny
40.6846,-73.9229,Halsey Ralph and Howard Garden,Kings,774 Halsey Street,Brooklyn,11233,ny
40.6833,-73.9431,Hancock T & T Block Association,Kings,322-324 Hancock Street,Brooklyn,11216,ny
40.7211,-74.0084,Hands & Heart (New Lots Urban Farm),Kings,New Lots Avenue,Brooklyn,11207,ny
40.6937,-73.9446,Hart Street Community Garden,Kings,169-171 Hart Street,Brooklyn,11206,ny
40.6943,-73.9412,Hart Street Vegetable Garden,Kings,249 Hart Street,Brooklyn,11206,ny
40.6933,-73.9475,Hart to Hart,Kings,104-108 Hart Street,Brooklyn,11206,ny
40.6901,-73.9487,Hattie Carthan Community,Kings,654 Lafayette Avenue/363-365 Clifton Place,Brooklyn,11216,ny
40.7086,-73.9443,Heckscher Foundation For Children's Garden,Kings,134-136 Scholes Street,Brooklyn,11206,ny
40.6685,-73.8885,Hendrix Street Community Garden,Kings,532 Hendrix Street,Brooklyn,11207,ny
40.6742,-73.8888,Herbal Garden of East New York,Kings,582-590 Glenmore Avenue,Brooklyn,11207,ny
40.6781,-73.9263,Herkimer-Rochester Street Block Association,Kings,816 Herkimer Street,Brooklyn,11233,ny
40.6925,-73.8592,Highland Park Children's Garden,Kings,Jamaica Avenue,Brooklyn,11208,ny
40.6851,-73.9656,Hollenback Community Garden,Kings,460 Washington Avenue,Brooklyn,11238,ny
40.6636,-73.9193,Howard Garden,Kings,750 Howard Avenue,Brooklyn,11212,ny
40.6876,-73.9872,Hoyt Street Garden,Kings,98 Hoyt Street (southwest corner of Hoyt Street and Atlantic Avenue),Brooklyn,11217,ny
40.68,-73.9076,Hull Street Community Garden Inc.,Kings,196 HUll Street,Brooklyn,11233,ny
40.6797,-73.9117,Hull Street Playground,Kings,137 Hull St; N. side of Hull St; 125 ft west of Rockaway Glvd,Brooklyn,11233,ny
40.685,-74.0026,Human Compass Community Garden Inc.,Kings,207-209 Columbia Street,Brooklyn,11106,ny
40.7283,-73.979,Avenue B Community Garden Association,New York,200 Avenue B,New York,10009,ny
40.7028,-73.9482,"I.S. 318 - ""Project Roots""",Kings,106-110 Walton Street,Brooklyn,11206,ny
40.6214,-74.0382,Imani II Garden (Schenectady Avenue Community Garden),Kings,87-91 Schenectady Avenue,Brooklyn,11213,ny
40.6817,-73.906,Infant Jesus Garden,Kings,Aberdeen Street,Brooklyn,11207,ny
40.6739,-73.8895,Itliba Herbal Garden,Kings,560 Glenmore,Brooklyn,11207,ny
40.6877,-73.9582,Jane Bailey Memorial Garden,Kings,327-329 Greene Avenue,Brooklyn,11238,ny
40.6548,-74.0018,Jardin Los Colibries,Kings,219 34th Street,Brooklyn,11232,ny
40.7314,-73.9588,Java Street Garden Collaborative,Kings,59 Java Street,Brooklyn,11222,ny
40.6706,-73.8858,Jerome Gardens,Kings,447 jerome Street,Brooklyn,11207,ny
40.6723,-73.888,Jerry and the Senior Gents of E.N.Y.,Kings,349 Schenck Avenue,Brooklyn,11207,ny
40.6669,-73.9136,Jes Good Rewards Children's Garden,Kings,155 Amboy Street,Brooklyn,11212,ny
40.6963,-73.9348,John the Baptist Community Center Inc.,Kings,10 Stuyvesant Avenue,Brooklyn,11221,ny
40.5802,-73.9346,KCC Urban Farm,Kings,"2001 Oriental Blvd, btw T8/T2",Brooklyn,11235,ny
40.7091,-73.9548,Keap Fourth Community Garden,Kings,347 Keap Street,Brooklyn,11211,ny
40.6921,-73.9394,Kosciusko St. Comm. Pk./Learning Center,Kings,385-389 Kosciusko Street,Brooklyn,11221,ny
40.6977,-73.937,L.D.C. of Broadway,Kings,900 Broadway,Brooklyn,10003,ny
40.7078,-73.9642,La Casita Verde,Kings,452 Bedford Ave,Brooklyn,11211,ny
40.7042,-73.9298,La Finea,Kings,1036 Flushing Avenue,Brooklyn,11237,ny
40.6803,-73.9576,Lefferts Place Block Association,Kings,162 Lefferts Place,Brooklyn,11238,ny
40.6727,-73.9065,Liberty Sunshine community Garden,Kings,108 Liberty Avenue,Brooklyn,11212,ny
40.6612,-73.9523,Lincoln Road Garden,Kings,316 Lincoln Road,Brooklyn,11225,ny
40.6771,-73.9789,Lincoln-Berkeley Community Garden,Kings,20 Lincoln Place,Brooklyn,11217,ny
40.6931,-73.9198,Linden-Bushwick Garden,Kings,113 Linden Street,Brooklyn,11221,ny
40.6774,-73.917,Louis Place Friends' Community Garden,Kings,13 Louis Place,Brooklyn,11233,ny
40.688,-73.9219,Madison Community GreenThumb Garden,Kings,894 Madison Street,Brooklyn,11221,ny
40.6839,-73.9555,Madison Hill Community Garden,Kings,88-90 Madison Street,Brooklyn,11216,ny
40.6948,-73.9132,Madison Square Garden,Kings,1262-1264 Madison Street,Brooklyn,11212,ny
40.6888,-73.9188,Madison Street Association,Kings,974 Madison Street,Brooklyn,11221,ny
40.6753,-73.9533,MaMa Dee's Garden,Kings,1397 Bedford Avenue,Brooklyn,11216,ny
40.6746,-73.8786,Manleys Place,Kings,2539 Pitkin Avenue,Brooklyn,11208,ny
40.6633,-73.9149,Marcus Garvey Tenants Association,Kings,Strauss Street/N/O Pitkin Avenue,Brooklyn,11233,ny
40.6728,-73.9053,McLeods Community Garden (formerly Powell Street Block Association - Liberty Ave),Kings,130 Liberty Avenue,Brooklyn,11212,ny
40.6716,-73.89,Momma-n-Poppa Jones Historical Garden,Kings,337 Van Siclen Avenue,Brooklyn,11207,ny
40.6939,-73.94586,Myrtle Village Green,Kings,636 Myrtle Avenue,Brooklyn,11215,ny
40.6687,-73.8864,Nehemiah Ten GreenThumb Block Association,Kings,565 Barbey Street,Brooklyn,11207,ny
40.6745,-73.9326,Neighborhood Community Garden,Kings,1123 Saint Marks Avenue,Brooklyn,11213,ny
40.6891,-73.9276,New Age Pride (Victory Gardens Group),Kings,953 Gates Avenue,Brooklyn,11216,ny
40.6951,-73.9472,New Harvest (Vrn/Mrcy/Tmpks B.A.),Kings,"125, 123, 121 Vernon Avenue",Brooklyn,11206,ny
40.6661,-73.8868,New Vision Garden,Kings,590-594 Schenck Avenue,Brooklyn,11207,ny
40.6596,-73.9081,Newport Gardens,Kings,823 Rockaway Avenue,Brooklyn,11212,ny
40.6939,-73.9463,Nicole's Place,Kings,154 Thompkins Ave,Brooklyn,11206,ny
40.7159,-73.9573,Northside Community Garden,Kings,599 Driggs Avenue,Brooklyn,11211,ny
40.7117,-73.9644,Nothing Yet Community Garden,Kings,99 S 5th Street,Brooklyn,11249,ny
40.678,-73.9096,Oak Grove Pentecostal Holiness Church,Kings,"Atkins Ave., S/O Sutter Ave",Brooklyn,11233,ny
40.6895,-73.9436,One Kin Farm,Kings,635 Greene Avenue,Brooklyn,11221,ny
40.6737,-73.5878,Oriental Garden,Kings,369-371 Barbey Street & 326-328 Jerome St,Brooklyn,11207,ny
40.6738,-73.9116,Our Lady of the Presentation Garden,Kings,1661 St. Marks Street,Brooklyn,11233,ny
40.6747,-73.8853,P.S. 4K - Paradise Garden,Kings,676-696 Glenmore Avenue,Brooklyn,11207,ny
40.6654,-73.8813,Pablo Valdez Family Community Garden,Kings,Cleveland Street/N/O Hegeman Ave,Brooklyn,11208,ny
40.6711,-73.8821,Pagans Garden (Linwood Street Block Association),Kings,992 Sutter Avenue,Brooklyn,11208,ny
40.6907,-73.9273,Patchen Avenue United Block Association,Kings,49 Patchen Avenue,Brooklyn,11221,ny
40.6865,-73.9271,Patchen Community Square,Kings,142 Patchen Avenue,Brooklyn,11221,ny
40.6893,-73.9303,Patrick Van Doren Pocket Park,Kings,123 Malcolm X Avenue,Brooklyn,11221,ny
40.6916,-73.9257,People's Garden (Youth City Little League),Kings,1237-1241 Broadway,Brooklyn,11221,ny
40.6734,-73.8854,People's Garden/El Jardin del Pueblo,Kings,2358-2362 Pitkin Ave,Brooklyn,11207,ny
40.6784,-73.9131,Phoenix Community Garden (formerly Somers Street),Kings,Corner of Fulton & Somers Street,Brooklyn,11233,ny
40.6814,-74.0042,Pirate's Cove Community Garden,Kings,313 Columbia St. ,Brooklyn,11231,ny
40.7078,-73.9525,Placita Infantil,Kings,S 4th Street b/w Hooper & Hewes St,Brooklyn,11211,ny
40.6491,-73.8969,Ponderosa Garden,Kings,664 East 105th Street,Brooklyn,11236,ny
40.7011,-73.9931,Poplar Street Community Garden,Kings,Poplar Street,Brooklyn,11201,ny
40.6584,-73.901,Powell Street Block Association - Powell St,Kings,633 Powell Street,Brooklyn,11212,ny
40.6659,-73.9031,Powell Street Garden-Livonia,Kings,Powell Street,Brooklyn,11212,ny
40.7129,-73.9399,Powers Street Garden,Kings,276-278 Powers Street,Brooklyn,11211,ny
40.6719,-73.9207,Preston Community Garden,Kings,1711 Park Place,Brooklyn,11213,ny
40.6383,-74.0342,Prophecy Garden Church of God of Prophecy,Kings,43-69 Malta Street,Brooklyn,11207,ny
40.6783,-73.9677,Prospect Heights Community Farm,Kings,252-256 St. Marks Avenue,Brooklyn,11217,ny
40.6701,-73.923,Ralph-Lincoln Service Center,Kings,1652-1654 St. John's Place,Brooklyn,11233,ny
40.6937,-73.9492,Red Gate Garden,Kings,604 Marcy Avenue,Brooklyn,11206,ny
40.6724,-74.0098,Red Hook Farm/Added Value,Kings,558 Columbia Street,Brooklyn,11231,ny
40.7161,-73.9429,Red Shed Garden (GREC),Kings,Humbolt Street,Brooklyn,11211,ny
40.6468,-73.9527,Rogers/Tilden/Veronica Place Block Association,Kings,2601-2603 Tilden Avenue,Brooklyn,11226,ny
40.576,-73.9882,Santos White Garden,Kings,2110 Mermaid Avenue,Brooklyn,11224,ny
40.669,-73.9836,Schaef Earth Garden,Kings,410 6th Avenue,Brooklyn,10011,ny
40.6762,-73.9329,Schenectady Avenue Community Garden,Kings,87-91 Schenectady Avenue,Brooklyn,11213,ny
40.6103,-74.0082,Seasons of Vision,Kings,9-11 Rochester Ave,Brooklyn,11233,ny
40.5761,-73.9868,Senior Citizens Block Association of Mermaid Avenue,Kings,2917-2923 West 20th Street,Brooklyn,11224,ny
40.6607,-73.8929,Sheffield South Block Association,Kings,673 Sheffield Avenue,Brooklyn,11207,ny
40.6258,-74.0366,Shield of Faith,Kings,79-85 Montauk Street,Brooklyn,11208,ny
40.6861,-73.9452,Shiloh Garden Inc,Kings,323-325 Monroe Street,Brooklyn,11221,ny
40.6758,-73.9163,Shma Yisrael,Kings,2084-90 Pacific Street,Brooklyn,11224,ny
40.6644,-73.9874,Six Fifteen Green Community Garden,Kings,274 15th Street,Brooklyn,11215,ny
40.6853,-74.0029,South Brooklyn Children's Garden,Kings,202-204 Columbia Street,Brooklyn,11231,ny
40.6922,-73.9548,Spencer Street Community Garden,Kings,230A Spencer Street,Brooklyn,11205,ny
40.6818,-73.955,Spencer's Little Heaven,Kings,Spencer Place,Brooklyn,11216,ny
40.6613,-73.9497,St. Francis Assisi/St. Blaise Church Garden,Kings,1081 Nostrand Avenue,Brooklyn,11225,ny
40.6676,-73.8939,St. John Cantius Parish,Kings,476-484 New Jersey Avenue,Brooklyn,11207,ny
40.6698,-73.9234,St. John's Place Renaissance Garden,Kings,1642 St. John's Place,Brooklyn,11233,ny
40.6753,-73.936,St. John's Recreational Center,Kings,119-69 Troy Ave,Brooklyn,11213,ny
40.6979,-73.9339,St. Mark's Lutheran Church Garden,Kings,626 Bushwick Avenue,Brooklyn,11206,ny
40.6789,-73.969,St. Marks Avenue/Prospect Heights Community Garden,Kings,207 St. Marks Avenue,Brooklyn,11238,ny
40.6735,-73.9218,St. Marks Block Association,Kings,"455, 457-63 Ralph Avenue",Brooklyn,11213,ny
40.6849,-73.9507,Stars of Hope Community Garden,Kings,213 Madison Street,Brooklyn,11221,ny
40.671,-73.9219,Sterling Community Group,Kings,"1701, 1713, 1715 Sterling Place",Brooklyn,11233,ny
40.6825,-74.0038,Summit Street Community Garden,Kings,281-283 Columbia Street,Brooklyn,11231,ny
40.68,-73.9175,Sumpter Community Garden,Kings,182 Sumpter Street,Brooklyn,11233,ny
40.7052,-73.9433,Sunshine Community Garden,Kings,99-100 McKibben Street,Brooklyn,11206,ny
40.5731,-73.9942,Surf Side Garden,Kings,2829 Surf Avenue,Brooklyn,11224,ny
40.6495,-73.9596,Sustainable Flatbush Herb Garden,Kings,2103 Kenmore Terrace,Brooklyn,11226,ny
40.695,-73.9439,T&T Vernon Block Association,Kings,200 Vernon Avenue,Brooklyn,11206,ny
40.6921,-73.9556,Target Community Garden - Brooklyn,Kings,931-933 Bedford Avenue,Brooklyn,11205,ny
40.6074,-74.0037,Ten Eyck Houses HDFC,Kings,15-17 Ten Eyck Street,Brooklyn,11206,ny
40.6623,-74.0009,The Olive Garden,Kings,21-25 Ikuve Street,Brooklyn,11211,ny
40.6619,-73.912,Thomas Boyland Community Garden,Kings,754 Hopkinson Aenue,Brooklyn,11212,ny
40.6727,-73.9007,TLC Sculpture Park,Kings,271 Glenmore Avenue,Brooklyn,11207,ny
40.6946,-73.9432,Tranquility Farm,Kings,267 Throop Ave,Brooklyn,11206,ny
40.6666,-73.8875,"Triple R/Relaxation, Reflection, Revenue (Victoria Garden)",Kings,613 Hendrix Street,Brooklyn,11207,ny
40.663,-73.8929,Ujima I,Kings,660 New Jersey Ave,Brooklyn,11207,ny
40.6877,-73.9193,Umoja Garden (Garden Beautiful),Kings,1452-1464 Broadway/1029 Putnam Ave,Brooklyn,11221,ny
40.6703,-73.9592,Union Street Garden and Community Development,Kings,970 Union Street,Brooklyn,11225,ny
40.6799,-73.9502,United Herkimer Garden Club,Kings,97 Herkimer Street,Brooklyn,11216,ny
40.5752,-73.9858,Unity Tower Tenant Association,Kings,1917-23 Surf Avenue,Brooklyn,11224,ny
40.6743,-73.8778,Upon This Rock Community Garden,Kings,2556 Pitkin Avenue,Brooklyn,11208,ny
40.6844,-74.0051,Urban Meadow,Kings,31-39 President Street,Brooklyn,11231,ny
40.6952,-73.9431,Vernon (Throop Avenue Block Assoc.),Kings,253 Throop Avenue,Brooklyn,11206,ny
40.6943,-73.9503,Vernon Cases/GT Community Garden,Kings,42-48 Vernon Avenue,Brooklyn,11206,ny
40.5851,-73.9754,Victory Garden,Kings,Shell Road,Brooklyn,11224,ny
40.7015,-73.9826,Vinegar Hill Community Garden,Kings,199 Gold St, Brooklyn,11201,ny
40.6773,-73.9537,Walt L. Shamal Community Garden,Kings,1093-1095 Dean Street,Brooklyn,11216,ny
40.681,-73.9797,Warren-St. Marks Community Garden,Kings,623 Warren Street,Brooklyn,11217,ny
40.6744,-73.8863,Warwick Block Association,Kings,650 Glenmore Avenue,Brooklyn,11207,ny
40.6687,-73.8844,Warwick Street Greenery Glow Garden,Kings,601 Warwick Street,Brooklyn,11207,ny
40.6746,-73.9261,Weeksville Kitchen Garden,Kings,1688-1696 Bergen Street,Brooklyn,11216,ny
40.678,-73.9516,Westbrook Memorial Garden,Kings,1233 Pacific Street,Brooklyn,11216,ny
40.6742,-73.9006,Williams Avenue Community Garden (formerly Shaw Block Association),Kings,88 Williams Avenue,Brooklyn,11207,ny
40.6925,-73.9164,Woodbine Street Block Association,Kings,146 Woodbine Street,Brooklyn ,11221,ny
40.6846,-73.9867,Wyckoff Bond Garden,Kings,189-195 Wyckoff Street,Brooklyn,11217,ny
43.148,-77.6162,Adams Street Recreation Center Garden,Monroe,85 Adams Street,Rochester,14608,ny
43.1671,-77.6104,Baden Street Settlement,Monroe,500 Clinton Ave N,Rochester,14605,ny
43.165818,-77.632094,Bemji's Garden,Monroe,71 Parkway,Rochester,14608,ny
43.1149,-77.582,Brighton Community Garden,Monroe,1341 Westfall Road,Rochester,14618,ny
43.1434,-77.6083,Calvary St. Andrews,Monroe,68 Ashland Street,Rochester,14620,ny
43.1651,-77.6394,Cameron Community Ministries,Monroe,20 Cameron St,Rochester,14606,ny
43.158,-77.6423,Campbell Street Recreation Center,Monroe,524 Campbell street,Rochester,14611,ny
43.1768,-77.6123,Carl Street Community Garden,Monroe,9 Carl Street,Rochester,14621,ny
43.1605,-77.6321,Charles Settlement House Garden,Monroe,651 Smith Street,Rochester,14606,ny
43.1696,-77.5884,Children's Garden,Monroe,151 1st Street,Rochester,14605,ny
43.1802,-77.6087,City of Rochester Recreation Center,Monroe,555 Avenue D,Rochester,14621,ny
43.144,-77.6258,Clara Barton School #2 Garden,Monroe,190 Reynolds Street,Rochester,14608,ny
43.1384,-77.6514,Community Garden on Ravenwood,Monroe,331 Thurston Rd,Rochester,14619,ny
43.1496,-77.6203,Corn Hill Neighborhood Garden,Monroe,114 Atkinson Street,Rochester,14608,ny
43.2115,-77.6933,Cornucopia Garden,Monroe,1230 Long Pond Road,Rochester,14626,ny
43.1391,-77.6272,Flint Street Recreation Center Garden,Monroe,271 Flint Street,Rochester,14608,ny
43.1885,-77.5985,Franklin Montessori School Garden,Monroe,950 Norton Street,Rochester,14621,ny
43.1387,-77.624,Gandhi House,Monroe,929 S Plymouth Ave,Rochester,14608,ny
43.1526,-77.5937,Goodwin Park Community Garden,Monroe,Sibley Place,Rochester,14580,ny
43.1726,-77.6039,Henry Street Garden,Monroe,23.5 Henry Street,Rochester,14605,ny
43.1567,-77.5552,Humboldt Recreation Center Garden,Monroe,1065 Atlantic Ave,Rochester,14609,ny
43.1748,-77.6024,IBERO,Monroe,777 Clifford Ave,Rochester,14621,ny
43.1751,-77.6421,In the City Off the Grid,Monroe,55 Plover Street,Rochester,14613,ny
43.1786,-77.6464,Lexington Avenue Community Garden,Monroe,607 Lexington Ave,Rochester,,ny
43.1787,-77.6463,Lexington Avenue Urban Farm & Hoop House,Monroe,631 Lexington Ave,Rochester,14613,ny
43.1584,-77.5491,Linear Garden,Monroe,Winto Road between N Main and Mayfield Street,Rochester,14609,ny
43.1134,-77.556,Lots of Food,Monroe,P O Box 18212,Rochester,14618,ny
43.2655,-77.6955,Mission Share/Greece Baptist Church,Monroe,10 Cedarfield Commons,Rochester,14612,ny
43.1807,-77.6332,Northwest Neighborhood Outreach Center,Monroe,121 Driving Park Avenue,Rochester,14613,ny
43.1452,-77.6509,Peace Maker Community Garden,Monroe,6 Thurston Rd,Rochester,14619,ny
43.1571,-77.4746,Penfield Community Victory Garden,Monroe,1747 Five Mile Line Road,Penfield,14526,ny
43.1818,-77.5872,Portland Avenue Peace Garden,Monroe,869 Portland Ave,Rochester,,ny
43.1746,-77.6198,Project Hope Sofrito Garden,Monroe,Clifford & Conkey,Rochester,14621,ny
43.15,-77.6402,Salvation Army,Monroe,100 West Ave,Rochester,14611,ny
43.1474,-77.6461,Seeds of Faith,Monroe,350 Chili Avenue,Rochester,14611,ny
43.1453,-77.6069,South Wedge Victory Garden,Monroe,122 Hamilson Street,Rochester,14620,ny
43.1467,-77.6536,South West Triangle Neighborhood Association,Monroe,153 Depew St,Rochester,14611,ny
40.8022,-73.9444,Black Veterans for Social Justice,New York,22 East 119th Street,New York,10035,ny
43.2883,-77.7728,St. George's Episcopal Church/Hilton-Parma Food Shelf,Monroe,635 Old Wilder Rd,Hilton,14460,ny
43.1681,-77.5622,St. Mark's and St. John's Episcopal Church Garden of E.D.E.N.,Monroe,1245 Culver Road,Rochester,14609,ny
43.1654,-77.5563,St. Mark's and St. John's Garden of E.D.E.N. #2,Monroe,622 Merchants Rd,Rochester,14609,ny
43.1427,-77.6048,Star Alley Community Garden,Monroe,657 South Ave,Rochester,14620,ny
43.1468,-77.6351,SWAN Grow Green Garden,Monroe,260 Dr Samuel McCree Way,Rochester,14611,ny
43.1794,-77.5978,The Herald Garden,Monroe,42 Herald Street,Rochester,,ny
43.1732,-77.5855,The Vineyard,Monroe,122 Sander Street,Rochester ,14605,ny
43.1422,-77.5813,Wide Water Gardens,Monroe,336 Rosedale Street,Rochester,14620,ny
40.6618,-73.6092,Baldwin Community Garden,Nassau,1980 Grand Ave,Baldwin,11510,ny
40.7952,-73.7348,Clover Drive Community Garden,Nassau,105 Clover Drive,Great Neck,11798,ny
40.7009,-73.5675,Cornell Cooperative Extension of Nassau County,Nassau,832 Merrick Avenue,East Meadow,11554,ny
40.7582,-73.6595,Herricks Community Garden,Nassau,Herricks Road and Talbot Street,New Hyde Park,11040,ny
40.592,-73.6698,Magnolia Center Community Garden,Nassau,650 Magnolia Blvd,Long Beach,11561,ny
40.665,-73.5726,Seed to Table Community Garden,Nassau,171 Lakeview Avenue,Freeport,11520,ny
40.5923,-73.6599,Sherman Brown Community Garden,Nassau,Riverside Boulevard and East Pine St,Long Beach,11561,ny
40.6644,-73.6574,The Collaborative Organic Community Garden,Nassau,1450 Tanglewood Road,Rockville Centre,11570,ny
40.6868,-73.621,The South Hempstead Community Garden,Nassau,416 Woodland Drive,South Hempstead,11550,ny
40.7642,-73.5235,The Trinity Lutheran Church Community Garden,Nassau,46 West Cherry Street,Hicksville,11801,ny
40.6593,-73.6867,Tony Lenzo Lynbrook Community Gardens,Nassau,Greis Park,Lynbrook,11563,ny
40.7272,-73.9791,11 BC Serenity Garden,New York,626 East 11th Street,New York,10009,ny
40.79615,-73.9473,110th Street Block Association,New York,1651 Madison Avenue,New York,10029,ny
40.7987,-73.9405,117th Street Community Garden,New York,172 E 117th Street,New York,10468,ny
40.7286,-73.9829,11th Street Community Garden,New York,422 East 11th Street,New York,10003,ny
40.7241,-73.981,6BC Botannical Garden,New York,624-628 E. 6th Street,New York,10009,ny
40.7239,-73.982,6th Street & Avenue B Garden,New York,78-92 Avenue B,New York,10009,ny
40.8273,-73.9391,8th Avenue Garden,New York,2849 8th Avenue,New York,10039,ny
40.7933,-73.9788,91st Street Garden/The Garden People,New York,Riverside Park at 91st Street,New York,10024,ny
40.7253,-73.9778,9th Street Community Garden & Park,New York,703 East 9th Street,New York,10009,ny
40.6515,-73.9802,Alberts Garden,New York,16 East 2nd Street,New York,10003,ny
40.7215,-73.98,"All Peoples Garden, Inc.",New York,293-295 East 3rd Street,New York,10009,ny
40.8258,-73.9411,Bradhurst Avenue Tenants Association,New York,Bradhurst Avenue,New York,10039,ny
40.7223,-73.9815,Brisas Del Caribe,New York,237 E 3rd Street,New York,10009,ny
40.7275,-73.9777,CAMPOS,New York,640-644 East 12th Street,New York,10009,ny
40.8089,-73.954,Carolina Garden/formerly 116th Street Block Association,New York,122nd Street,New York,10027,ny
40.8044,-73.9528,Carrie McCracken Garden/TRUCE,New York,143-145 St. Nicholas Avenue,New York,11238,ny
40.8026,-73.9355,Carver Community Garden,New York,236-242 East 124th Street,New York,10003,ny
40.7972,-73.9468,Chenchitas Group Garden,New York,1691-93 Madison Avenue,New York,10029,ny
40.7281,-73.9793,Children's Garden,New York,194 Ave B (S/W corner of E. 12th),New York,10009,ny
40.8026,-73.9464,Childrens Aid Soc. Garden (The Sowers),New York,21 West 118th Street,New York,10026,ny
40.8109,-73.9507,Clayton Williams Garden,New York,303 W 126th Street,New York,10027,ny
40.7626,-73.991,Clinton Community Garden,New York,436 West 48th Street,New York,10108,ny
40.7202,-73.9845,Committee of Poor Peoples of the LES Community Garden,New York,171 Stanton street,New York,10002,ny
40.8228,-73.9403,Community Leaders of West 146th Street,New York,"226, 234 West 146th Street",New York,10039,ny
40.8284,-73.9429,Convent Garden,New York,481-89 Convent Garden,New York,10031,ny
40.7988,-73.9406,Corozal (117th Street Homeowners Association),New York,170 E. 117th street,New York,10468,ny
40.7251,-73.9832,Creative Little Garden,New York,530 East 6th Street,New York,10009,ny
40.7254,-73.9797,De Colores Community Yard & Cultural,New York,311-313 E. 8th Street,New York ,10009,ny
40.7982,-73.9367,Diamante Garden (Block and School Association),New York,306-310 East 118th Street,New York,10035,ny
40.7295,-73.9804,Dias y Flores,New York,520-522 East 13th street,New York,10009,ny
40.8337,-73.9419,Dorothy K. McGowan Memorial Garden,New York,513 W 158th Street,New York,10032,ny
40.7249,-73.9787,Earth People,New York,333-335 East 8th Street,New York,10009,ny
40.7965,-73.9342,East Harlem Community Garden,New York,429-433 East 117th Street,New York,10035,ny
40.7887,-73.9492,Ebenezer Wesleyan Methodist Church,New York,1574 Lexington Avenue,New york,10469,ny
40.8397,-73.8796,Edgecomb Avenue Garden Park Sanctuary,New York,339-341 Edgecomb Avenue,New York,10031,ny
40.7201,-73.9452,Joseph Lentol Garden,New York,178 Bayard Street,New York,10013,ny
40.7946,-73.9432,El Catao Garden,New York,169 East 110th Street,New York,10029,ny
40.7997,-73.9405,El Gallo Social Club Inc.,New York,1891-1895 Lexington Avenue,New York,10035,ny
40.7227,-73.9795,El Jardin del Paraiso,New York,706-718 East 5th Street/311-321 East 4th Street,New York,10009,ny
40.7901,-73.9448,El Sitio Feliz (The Happy Place),New York,203 E. 104th Street,New York ,10029,ny
40.7288,-73.9808,El Sol Brillante,New York,522-528 East 12th Street,New York,10009,ny
40.7288,-73.9804,El Sol Brillante Jr.,New York,537 East 12th Street,New York,10009,ny
43.0464,-76.1696,Lipe Art Park Garden,Onondaga,Lipe Art Park,Syracuse,13203,ny
40.8157,-73.9405,Elizabeth Langley Memorial Garden,New York,121-123 West137th Street,New York,10035,ny
40.7943,-73.9348,Family Garden,New York,431 East 114th Street,New York,10029,ny
40.6675,-73.976,Fifth Street Slope Children's Garden,New York,626-27 E. 5th Street,New York,10009,ny
40.7245,-73.9782,Firemen's Memorial Garden Inc.,New York,358-364 E 8th Street,New York,10009,ny
40.724,-73.9896,First Street Garden,New York,48 East 1st Street,New York,10003,ny
40.7094,-74.0017,FishBridge Pk. (South-Water-Front Neigh. Assoc.),New York,338-340 Pearl Street,New York,10038,ny
40.8071,-73.952,Five Star Block Association,New York,250-252 West 121st Street,New York,10027,ny
40.7195,-73.9929,Forsyth Garden Conservancy (at Forsyth Sara D. Roosevelt Park),New York,S/S Delancey at Forsyth Sara D. Roosevelt Park,New York,10002,ny
40.7963,-739458,Friendly Garden,New York,95 East 111th Street,New York,10039,ny
40.8288,-73.9456,Friendship Garden (Lucille McClarey Garden),New York,499 West 150th Street,New York,10031,ny
40.8277,-73.9376,Garden Beautiful/West 153rd Street Harlemite,New York,263-265 West 153rd Street,New York,10039,ny
40.8044,-73.956,Garden of Love,New York,302 West 116th Street,New York,10026,ny
40.7228,-73.9814,Generation X Cultural Garden,New York,270-272 East 4th Street,New York,10009,ny
40.788,-73.9465,George Washington Carver - Garden for Living,New York,1445 Madison Avenue,New York,10029,ny
40.724,-73.9773,Green Oasis,New York,370-386 East 8th Street,New York,10009,ny
40.809,-73.9406,Harlem Rose Garden,New York,4-8 E 129th street,New York,10035,ny
40.8136,-73.9419,Harlem Success Garden - P.S. 175/l.S. 275,New York,116-122 West 134th Street,New York,10030,ny
40.8146,-739436,Harlem Valley Garden,New York,197 West 134th Street,New York,10030,ny
40.8097,-73.9429,Harlem Village Green,New York,52 W 129th Street,New York,10027,ny
40.7949,-73.9432,Herb Garden (111th St. Betterment Association),New York,176 E 111th Street,New York,10029,ny
40.791,-73.9469,"Hope Community's Modesto ""Tin"" Flores Garden",New York,Lexington Ave,New York,10029,ny
40.6468,-73.9787,Hope Garden,New York,193 East 2nd street,New York,10009,ny
40.8235,-73.9492,Hope Steven Garden,New York,1656 Amsterdam Avenue,New York,10031,ny
40.7913,-73.9395,Humacao Community Garden,New York,335 E. 108th Street,New York,10029,ny
40.8031,-73.9398,Jackie Robinson Community Garden,New York,103 East 122nd Street,New York,10035,ny
40.8076,-73.9505,Joseph Daniel Wilson Memorial Gardens,New York,219 122nd Street ,New York,10027,ny
40.7665,-73.994,Juan Alonzo Community Garden,New York,722 11 Avenue,New York,10019,ny
40.7223,-73.9827,Kenkeleba House Garden,New York,212 E. 3rd Street,New York,10009,ny
40.7996,-73.9375,La Casita,New York,223 E. 119th Street,New York,10035,ny
40.7991,-73.9443,La Cuevita Community Garden,New York,71 East 115th Street,New York,10453,ny
40.7982,-73.963,La Perla Garden,New York,76 W. 105th Street,New York,10025,ny
40.7212,-73.9816,Le Petit Versailles/Allied Productions,New York,247 E. 2nd Street,New York,10009,ny
40.7259,-73.9796,La Plaza Cultural-Armando Perez,New York,632-650 E. 9th Street,New York,10009,ny
40.7277,-73.9992,LaGuardia Corner Community Garden,New York,511 LaGuardia Place,New York,10012,ny
40.7096,-74.0155,Liberty Community Garden,New York,225 Rector Place,New York,10280,ny
40.8026,-73.9384,"Life Spire (CRMD, Inc.)",New York,2015 Lexington Avenue,New York,10035,ny
40.7968,-73.9468,Little Blue House,New York,1675 Madison Avenue,New York,10029,ny
40.7241,-73.992,Liz Christy Community Garden,New York,NE Corner of Houston & Bowery,New York,11230,ny
40.7961,-73.932,Los Amigos Garden,New York,326 Pleasant Avenue,New York,10035,ny
40.7245,-73.9797,Lower East Side Ecology Center,New York,213 E. 7th Street,New York,1009,ny
40.7133,-73.99,Lower East Side People Care,New York,25 Rutgers Street,New York,10002,ny
40.8285,-73.9481,Maggie's Garden,New York,564 West 149th Street,New York,10031,ny
40.7888,-73.9492,Maggie's Magic Garden,New York,1574 Lexington Avenue,New York,10029,ny
40.8001,-73.9424,Magic Garden,New York,1665-71 Park Avenue,New York,10035,ny
40.7183,-73.9759,Magical Garden,New York,595 FDR Drive,New York,10002,ny
40.7612,-73.988,Marian S. Heiskell Garden,New York,315 West 48th Street,New York,10036,ny
40.7143,-73.9846,Martin Luther King Jr. Community Park,New York,Montgomery St & Henry Street,New York,10002,ny
40.7224,-73.9916,Mfinda Kalunga Garden,New York,Rivington Street Crossover (in Sarah Roosevelt Park),New York,10002,ny
40.7996,-73.9406,Mini Barrio Gardeners,New York,1887 Lexington Avenue,New York,10035,ny
40.7226,-73.9835,Miracle Garden,New York,194-196 East 3rd Street,New York,10009,ny
40.8424,-73.888,Miracle Garden/Fairmount Security Community ,New York,Elsemere Place/ADJ 815 Fairmount Place,New York,10025,ny
40.7972,-73.9468,Mission Garden,New York,1691-93 Madison Avenue,New York,10029,ny
40.8271,-73.9479,Mo Pals,New York,545 West 147th Street,New York,10031,ny
40.7997,-73.9622,Mobilization For Change Community Garden,New York,955 Columbus Avenue,New York,10025,ny
40.8355,-73.939,Morris Jumel Community Garden,New York,455-457 W 162nd Street,New York,10032,ny
40.7942,-73.9449,Neighbors of Vega Baja,New York,E. 109th Street,New York,10029,ny
40.8067,-73.9475,New 123rd Street Block Association,New York,"112, 114 & 116 W. 123rd Street",New York,10027,ny
40.7664,-73.9919,Oasis,New York,511-19 W. 52nd Street,New York,10036,ny
40.7299,-73.9835,Open Road Park (LES),New York,404-16 east 12th Street,New York,10009,ny
40.7217,-73.9789,Orchard Alley,New York,350-54 East 4th Street,New York,10009,ny
40.8082,-73.9524,Our Little Green Acre,New York,275-277 West 122nd Street,New York,10027,ny
40.8053,-73.9517,Papos Garden,New York,218-220 E 119th Street,New York,10035,ny
40.7221,-73.9798,Parque De Tranquilidad,New york,314-318 East 4th Street,New York,10009,ny
42.4373,-76.5036,Southside Community Center,Tompkins,205 South Pllain Street,Ithaca,14850,ny
40.8006,-73.9443,Peaceful Valley,New York,50-52 East 117th Street,New York,10035,ny
40.7215,-73.9819,Peachtree Garden,New York,236-238 East 2nd Street,New York,10009,ny
40.7964,-73.9321,Pleasant Village Community Garden,New York,342-353 Pleasant Avenue/502 E. 119th Street,New York,10035,ny
40.7964,-73.9471,Pueblo Unido,New York,1659 Madison Avenue,New York,10026,ny
40.7285,-73.9784,Relaxation Garden (Suen Dragon Garden),New York,209 Avenue B,New York,10009,ny
40.8092,-73.9429,Rev. Linnette C. Williamson Memorial Park,New York,65-67 W. 128th Street,New York,10035,ny
40.859,-73.9225,Riley Levin Children's Garden (NYRP),New York,3703 10th Ave,New York,10034,ny
40.8657,-73.9287,RING Garden - Riverside Inwood Neighborhood Garden,New York,1835 Riverside Drive,New York,10034,ny
40.8184,-73.9451,Riverside Valley Community Garden,New York,Riverside Park/138th Street,New York,10039,ny
40.7942,-73.9345,Rodale Pleasant Park Community Garden,New York,437-39 East 114th Street/448-450 East 115th street,New York,10029,ny
40.7241,-73.9783,Sam & Sadie Koenig Garden,New York,237 E 7th Street,New York,10009,ny
40.7225,-73.9805,Secret Garden,New York,293-297 East 4th Street,New York,10009,ny
40.8297,-73.9431,Senior Citizens Sculpture Garden,New York,West 152nd Street,New York,10031,ny
40.8261,-73.9483,Serenity Gardens,New York,522 West 146th Street,New York,10031,ny
40.7199,-73.984,Siempre Verde Garden,New York,181 Stanton St,New York,10002,ny
40.8117,-73.9514,St. Nicholas Miracle Garden,New York,330 Saint Nicholas Avenue,New York,10027,ny
40.7208,-73.9851,Suffolk Street Community Garden,New York,174 Suffolk Street,New York,10163,ny
40.8266,-73.9417,Sugar Hill Park,New York,339-341 Edgecombe Avenue,New York,10031,ny
40.7966,-73.9345,Target East Harlem Community Garden,New York,415-421 East 117th Street,New York,10035,ny
40.7966,-73.9345,The Home Depot Community Garden (St. Mark's Monastery 1),New York,415-421 East 117th Street,New York,10035,ny
40.7242,-73.9863,The Third Street Children's Garden,New York,121 E 3rd Street,New York,10009,ny
40.7275,-73.979,Toyota Children's Learning Garden (Coradan Evaeden),New York,603 East 11th Street,New York,10009,ny
40.7724,-73.9668,Two Coves Garden,New York,30th Avenue & Main Avenue & Astoria Boulevard,New York,11102,ny
40.8091,-73.9425,Unity Garden,New York,53-55 West 128th Street,New York,10027,ny
40.7283,-73.9791,Vamos Sembrar: For the beloved and Otherwise Forgotten,New York,198 Avenue B,New York,10009,ny
40.797,-73.9459,Villa Santurce Jardinera - 112th Street,New York,74 E. 112th Street,New York,10029,ny
40.7968,-73.9469,Villa Santurce Jardineras - Park Avenue,New York,74 E. 112th Street,New York,10029,ny
43.0634,-76.1545,Isabella St. Tapestry Community Garden,Onondaga,207 Isabella Street,Syracuse,13208,ny
40.803,-73.9456,Walter Miller III Memorial Garden,New York,13 West 119th Street,New York,10026,ny
40.7175,-74.0113,Washington Market Park Community Garden,New York,Greenwich Street,New York,10013,ny
40.8357,-73.9011,West 104th Street Garden,New York,6-10 W. 104th Street/ 14-18 W. 104th Street,New York,10025,ny
40.8036,-73.9634,West 111th Street People's Garden,New York,1036-53 Amsterdam Avenue,New York,10025,ny
40.805,-73.9635,West 113th Street PlayGarden,New York,510 West 113th Street,New York,10025,ny
40.8057,-73.9427,West 124th Street Community Garden,New York,West 124th Street and 5th Avenue,New York,10027,ny
40.8123,-73.9426,West 132nd Street Garden,New York,108-114 W. 132nd Street,New York,10027,ny
40.8511,-73.939,West 181st Street Beautification Project,New York,814 West 181st Street,New York,10033,ny
40.7867,-73.9703,West 87th Street Park & Garden,New York,55-57 West 87th Street,New York,10024,ny
40.7892,-73.9719,West Side Community Garden,New York,West 89th Street,New York,10024,ny
40.8295,-73.9419,William A. Harris Garden,New York,NWC of 153rd St & St. Nicholas,New York,10032,ny
40.81111,-73.9512,William B. Washington Memorial Garden,New York,321-325 West 126th Street,New York,10027,ny
40.8506,-73.9408,West 181st Street Beautification Project,New York,W. 181 Street and Pinehurst Avenue - north side,New York,10033,ny
40.7225,-73.982,Los Amigos,Newe York,221 East 3rd Street,New York,10009,ny
43.1079,-79.0535,GreenPrint Niagara,Niagara,2101  Main Street,Niagara Falls,14302,ny
43.0929,-79.0514,GreenPrint Niagara,Niagara,909 Walnut Avenue,Niagara Falls,14303,ny
43.1162,-79.0407,Highland Community Vegetable Garden,Niagara,1800 Beech Ave,Niagara Falls,14305,ny
43.1714,-78.6991,Ontario Street Community Garden,Niagara,Ontario Street and Hawley Street,Lockport,14094,ny
43.1683,-78.6858,The Chapel at Lockport Community Garden,Niagara,225 Washburn Street,Lockport,14094,ny
43.0935,-75.2342,Cornhill Community Garden,Oneida,1200 Miller St,Utica,13501,ny
43.0988,-75.2156,Jay St. Garden,Oneida,731 Jay St,Utica,13501,ny
43.0905,-75.2372,Let's Grow Community Garden,Oneida,1411 West St,Utica,13501,ny
43.0979,-75.2434,Oneida Square Project Community Garden,Oneida,610 Kirkland St,Utica,13501,ny
43.0775,-75.2107,Refugee Community Garden,Oneida,FX Matts Apartments - 1790 Armory Dr,Utica,13501,ny
43.0765,-75.2128,Somali Bantu Community Gardens & Education Project,Oneida,Vega/Martinez Community Center - 1736 Armory Dr,Utica,13501,ny
43.0972,-75.2368,Unity Garden North,Oneida,1110 Park Ave,Utica,13501,ny
43.0964,-75.238,Unity Garden South,Oneida,1127 Park Ave,Utica,13501,ny
43.0952,-75.2358,Utica Community Garden Initiative,Oneida,1113 Linwood Place,Utica,13501,ny
43.0375,-76.15545,341 Midland Avenue Community Garden,Onondaga,341 Midland Avenue,Syracuse,13202,ny
43.0374,-76.1453,Central Village Boys & Girls Club Garden,Onondaga,212 Van Buren Street,Syracuse,13202,ny
42.9968,-76.1452,Expeditionary Learning Middle School Garden,Onondaga,4942 S Salina Street,Syracuse,13205,ny
43.0552,-76.14,Hawley Green Vegetable Garden,Onondaga,Wayne Street,Syracuse,13203,ny
43.0599,-76.1413,Highland Park Children's Garden,Onondaga,Highland Place,Syracuse,13203,ny
43.0628,-76.1519,Karibu Community Garden,Onondaga,Catawba Street & Lodi Street,Syracuse,13208,ny
43.0302,-76.153,Kwanzaa Community Garden,Onondaga,900 Block of Midland Ave,Syracuse,13205,ny
43.0296,-76.1255,Morningside Community Garden,Onondaga,Berkeley Drive - behind the Edward Smith School,Syracuse,13210,ny
43.0624,-76.1519,New Roots Community Garden,Onondaga,1811 Lodi Street,Syracuse,13208,ny
43.1908,-76.1265,NOPL Cicero Library Farm,Onondaga,8699 Knowledge Lane,Cicero,13039,ny
43.0175,-76.1418,Rahma Clinic Edible Forest Snack Garden,Onondaga,3100 S Salina Street,Syracuse,13205,ny
43.0338,-76.1566,Southwest Community Garden,Onondaga,Midland Ave. & Bellevue Ave.,Syracuse,13207,ny
43.0435,-76.1613,Stone Soup Community Garden,Onondaga,410 Gifford Street,Syracuse,13204,ny
43.0169,-76.1553,West Newell St. Community Garden,Onondaga,612 W Newell Street,Syracuse,13205,ny
43.0418,-76.1182,Westcott Community Garden,Onondaga,Harvard Place,Syracuse,13210,ny
42.8786,-77.3013,Canandaigua Churches in Action,Ontario,5188 Bristol Road,Canandaigua,14424,ny
42.6284,-77.3941,Naples NY Community Gardens,Ontario,North End of Main Street,Naples,14512,ny
41.5299,-74.2528,Town of Montgomery Community Garden,Oragne,1675 State Route 17K,Montgomery,12549,ny
41.2271,-74.2921,Greenwood Lake Community Gardens,Orange,DePaulis Field - Windermere Ave,Greenwood Lake,10925,ny
41.5023,-74.0117,La Vida Garden,Orange,1st Street and Chambers Street,Newburgh,12550,ny
41.4955,-74.0254,Newburgh Armory Community Garden,Orange,321-355 South William Street,Newburgh,12550,ny
41.3636,-74.6855,Port Jervis Community Garden,Orange,Intersection of North Street and main Street,Port Jervis,12771,ny
41.5049,-74.0126,San Miguel Academy Garden,Orange,Lander Street and Farrington Street,newburgh,12550,ny
41.5036,-74.0096,The Community Gardens at the Dutch Reformed Church,Orange,132 Grand Street,Newburgh,12550,ny
43.2469,-78.1841,Community Action Garden,Orleans,409 East State St,Albion,14411,ny
43.4636,-76.5028,Oswego Community Garden,Oswego,70 East Schuyler Street,Oswego ,13126,ny
42.4462,-75.0699,City of Oneonta Community Gardens,Otsego,Wilcox Ave,Oneonta,13820,ny
41.4193,-73.6347,Tilly Foster Community Garden,Putnam,"Prospect Hill Road, across from Tilly Farm Entrance",Brewster,10509,ny
40.67617,-73.79858,142nd Pl. & St. Block Association,Queens,142nd Pl. S/O 120th Ave,Queens,11436,ny
40.7565,-73.8713,97th Street Block Association,Queens,33-28 97th Street,Queens,11368,ny
40.7499,-73.984,Astoria Residents Reclaiming Our World (ARROW),Queens,35th St. Bet. 35th & 36th Aves,Queens,11103,ny
40.6899,-73.8034,Back to Eden,Queens,144-29 Lakewood Avenue,Queens,11435,ny
40.6834,-73.7919,Better Community Civic Association Mini Park,Queens,150-14 115th Drive,Queens,11434,ny
40.5952,-73.7769,BSCAH/Edgemere,Queens,337-347 Beach 45th Street and 358-362 Beach 46th Street,Queens,11691,ny
40.6935,-73.7342,Cambria Heights Civic Association,Queens,227th Street & Linden Blvd,Queens,11411,ny
40.6816,-73.7964,Community Block #81 Garden,Queens,Inwood Street,Queens,11435,ny
40.5947,-73.7628,Culinary Kids Garden (Seagirt Community Garden),Queens,3003 Seagirt Boulevard,Queens,11691,ny
40.6846,-73.7809,"Curtis ""50 Cent"" Jackson Community Garden",Queens,11709 165th Street,Queens,11434,ny
40.6919,-73.8093,"Dunton Block and Civic Association, Inc.",Queens,Remington Street,Queens,11435,ny
40.7344,-73.8838,Elmhurst Community Garden,Queens,81-11 Kneeland Ave,Queens,11373,ny
40.7485,-73.8216,Evergreen Community Garden,Queens,46-20 Colden St,Queens,11355,ny
40.7924,-73.8932,George Eagle Carr Community Garden,Queens,148th Street,Queens,11432,ny
40.6913,-73.7941,George Washington Carver Botanical Garden,Queens,109-13 156th Street,Queens,11422,ny
40.6925,-73.7946,George Washington Carver Botanical Garden,Queens,108-13 156th St.,Queens,11433,ny
40.5939,-73.7959,God's Batallion Loving Care Center Farming Project,Queens,432 B. 6th Street,Queens,11692,ny
40.7357,-73.8768,Greens for Queens/First Presbyterian Church of Newtown,Queens,54-05 Seabury Street,Queens,11373,ny
40.7103,-73.7676,Hollis Gardens,Queens,"193rd and Woodhull, Hollis",Queens,11423,ny
40.6928,-73.7707,Linden Boulevard Community Garden,Queens,178th Street & Linden Boulevard,Queens,11434,ny
40.7265,-73.782,Locust Manor Neighborhood Civic Association,Queens,"N/S 120th Ave., W/O Victoria",Queens,11434,ny
40.7433,-73.9383,"Long Island City Community Gardens, Inc",Queens,46th Avenue,Queens,11101,ny
40.6904,-73.9303,Malcom X Day Care Center,Queens,111-26 Northern Boulevard,Queens,11358,ny
40.7646,-73.8698,McIntosh Neighborhood Assoc.,Queens,100th Street & McIntosh Street,Queens,11369,ny
40.6946,-73.7913,McKinleys Childrens Garden,Queens,108-56 Union Hall Street,Queens,11433,ny
40.6815,-73.7653,"Merrick-Marsden Neighbors Association, Inc.",Queens,11818-11820 Merrick Boulevard,Queens,11434,ny
40.7709,-73.734,Pembroke Avenue Community Garden,Queens,Pembroke Ave,Queens,11362,ny
40.7133,-73.8491,Project Eden,Queens,Kessel Street,Queens,11375,ny
40.7414,-73.8601,Radcliff Avenue Garden,Queens,52-02 102nd St.,Queens,11368,ny
40.5947,-73.7628,Seagirt Community Garden,Queens,3003 Seagirt Boulevard,Queens,11691,ny
40.6916,-73.7619,St. Albans Local Development,Queens,189-14 Linden Blvd,Queens,11434,ny
40.702,-73.7831,William Simmons community Garden,Queens,Liberty Avenue & 172nd Street,Queens,11433,ny
42.7412,-73.6805,A&V Community Garden,Rensselaer,270 9th Street,Troy,12180,ny
42.7886,-73.6635,Corliss Park Community Garden,Rensselaer,8th Avenue,Lansingburgh,12182,ny
42.7486,-73.6832,Douw Street Community Garden,Rensselaer,37 Douw Street,Troy,12180,ny
42.616,-73.6967,East Greenbush Community Garden,Rensselaer,Community Way,East Greenbush,12061,ny
42.7386,-73.6816,Eight Street Community Garden,Rensselaer,310 8th Street,Troy,12180,ny
42.7358,-73.6788,Eleventh & Eagle Garden,Rensselaer,50 Eagle Street,Troy,12180,ny
42.7359,-73.6858,Father Flanigan's Farm,Rensselaer,392 Jacob Street,Troy,12180,ny
42.5883,-73.7131,Goff Organic Garden,Rensselaer,25 Gilligan Road,East Greenbush,12061,ny
42.7201,-73.6847,Hill Street Community Garden,Rensselaer,226 Hill Street,Troy,12180,ny
42.7594,-73.6763,Knickerbocker Park Community Garden,Rensselaer,Peter Guenete Ln,Troy,12180,ny
42.7441,-73.6796,Ninth Street Community Garden,Rensselaer,352 9th Street,Troy,12180,ny
42.7224,-73.6884,Paul's Place Community Garden,Rensselaer,73 Havermans Avenue,Troy,12180,ny
42.6539,-73.7305,Rensselaer Family Garden,Rensselaer,1510 5th Street,Rensselaer,12144,ny
42.7145,-73.6958,Second Street Community Garden,Rensselaer,Van Buren Street,Troy,12180,ny
42.7497,-73.6811,Swift & Seventh Community Garden,Rensselaer,1 Swift Street,Troy,12180,ny
42.6785,-73.6944,Tech Park Community Garden,Rensselaer,Jordan Rd,Troy,12180,ny
42.7056,-73.6689,The Preserve Community Garden,Rensselaer,76 Wynantskill Way,Troy,12180,ny
42.7417,-73.6845,Vanderhyden & Fifth Community Garden,Rensselaer,2541 5th Avenue,Troy,12180,ny
40.5265,-74.165,Bayview Habitat,Richmond,Bayview Terrace,Staten Island,10312,ny
40.6363,-74.0791,Bountiful Harvest,Richmond,31 Tompkins Circle,Staten Island,10301,ny
40.8297,-73.9045,Joe Holzka Community Garden,Richmond,1161 Castleton Avenue,Staten Island,10310,ny
40.5689,-74.0953,Miller Field Community Garden,Richmond,455 New Dorp Lane,Staten Island,10306,ny
40.6127,-74.1185,Moravian Community Garden,Richmond,1646 Victory Blvd.,Staten Island,10314,ny
40.6372,-74.1195,West Brighton Community Garden,Richmond,799 Henderson Avenue,Staten Island,10310,ny
40.6444,-74.0848,Westervelt Community & Family Garden,Richmond,143 Westervelt Avenue,Staten Island,10301,ny
41.1957,-73.969,Catholic Community Services Garden of Love,Rockland,78 Hudson Ave,Haverstraw,10927,ny
41.1978,-73.9673,Haverstraw Community Garden,Rockland,50 Broad Street,Haverstraw,10927,ny
41.1186,-73.9192,Marydell Garden of Faith,Rockland,640 N Midland Ave,Nyack,10960,ny
41.1197,-74.11,Montebello Community Garden,Rockland,1 Montebello Road,Montebello,10901,ny
41.0893,-73.9217,Nyack Community Garden,Rockland,80 Depew Road,Nyack,10960,ny
41.0424,-73.9166,Piermont NY Community Garden,Rockland,Piermont ave,Piermont,10968,ny
41.1709,-73.9866,Rockland Historical Society,Rockland,20 Zukor Road,New City,10956,ny
41.1143,-74.0415,Spring Valley Community Garden,Rockland,Memorial Park Drive,Spring Valley,10977,ny
41.2414,-73.9738,Stony Point Battlefield,Rockland,44 Barrlefield Road,Stony Point,10980,ny
41.2212,-74.0274,Stony Point Community Garden,Rockland,Patriot Hills Lane,Stony Point,10980,ny
42.9088,-73.693,Davenport Community Garden,Saratoga,Viall Ave,Mechanicville,12118,ny
42.8724,-73.7636,Halfmoon Heights Community Garden,Saratoga,24 Saratoga Drive,Halfmoon,12065,ny
43.0887,-73.7918,Saratoga Springs Community Garden,Saratoga,81 Lincoln Ave,Saratoga Springs,12866,ny
42.8009,-73.9388,Craig & Wyllie Community Garden,Schenectady,981 Craig Street,Schenectady,12307,ny
42.796,-73.9529,Cutler Street Community Garden,Schenectady,1055 Cutler Street,Schenectady,12303,ny
42.8066,-73.9429,Mumford Street Community Garden,Schenectady,59 Van Voast Street,Schenectady,12307,ny
42.8299,-73.9162,Steinmetz Park Community Garden,Schenectady,2151 Lenox Rd,Schenectady,12308,ny
42.8098,-73.9362,Vale Neighborhood Community Garden,Schenectady,10 Close Street,Schenectady,12308,ny
42.7965,-73.9635,Wabash Avenue Community Garden,Schenectady,2005 Wabash Avenue,Schenectady,12306,ny
44.6943,-75.5016,Ogdensburg Community Garden,St. Lawrence,Route 68 Arterial Highway,Ogdensburg,13669,ny
40.7824,-73.2668,Brentwood Community Garden,Suffolk,34 MacArthur Avenue,Brentwood,11717,ny
40.7953,-73.2081,Central Islip Civic Council Community Garden,Suffolk,68 Wheeler Road,Central Islip,11722,ny
41.069,-72.4309,Charnews Farm Community Garden,Suffolk,3005 Youngs Avenue,Southold,11971,ny
40.7767,-72.9541,Chris Hobson and Bill Neal Community Garden,Suffolk,McDonald & Patchogue Avenues,Bellport,11713,ny
40.8665,-73.3803,Clifford Soergel Memorial Garden,Suffolk,Dunlop & Greenlawn Road,Greenlawn,11740,ny
40.9144,-73.0516,Comsewogue Youth Club Community Garden,Suffolk,Terryville Road,Port Jefferson Station,11766,ny
40.7663,-73.3193,Edith Salzer Organic Community Garden,Suffolk,808 Nicholls Road,Deer Park,11729,ny
40.8444,-73.0162,Farmingville Community Garden,Suffolk,"Town Hall, 1 Independence Hill",Farmingville,11738,ny
40.953,-73.0188,Garden of Feedin',Suffolk,233 North Country Road,Mt. Sinai,11766,ny
40.8584,-73.4164,Gateway Community Garden,Suffolk,10 Lowndes Avenue,Huntington Station,11746,ny
40.8709,-72.5208,Good Ground Community Garden,Suffolk,70 Ponquoque Avenue,Hampton Bays,11946,ny
40.7744,-72.8459,Grace Lutheran Church Community Garden,Suffolk,240 Mastic Road & Lincoln Avenue,Mastic Beach,11951,ny
40.7783,-73.2388,Growing Together Garden,Suffolk,104 Second Avenue,Brentwood,11717,ny
40.9829,-72.5912,Hallockville Museum Farm Community Garden,Suffolk,6038 Sound Avenue,Riverhead,11901,ny
40.852,-72.9627,Harrison Hale Community Garden,Suffolk,576 Granny Road,Medford,11763,ny
40.7793,-72.935,Help Suffolk Community Garden,Suffolk,685 Brookhaven Avenue,Bellport,11713,ny
40.9338,-73.0095,Heritage Park Community Garden,Suffolk,633 Mount Sinai Coram Road,Mt. Sinai,11766,ny
40.8734,-73.0969,Hobbs Neighborhood Roots Community Garden,Suffolk,1078 Oxhead Road,Centereach,11720,ny
40.7914,-73.0368,Holtsville Ecology Site Garden Parcels,Suffolk,249 Buckley Road,Holtsville,11742,ny
40.8025,-72.7806,Ketcham Community Garden,Suffolk,81 Main Street,Center Moriches,11934,ny
40.8905,-72.9592,Longwood Victory Garden,Suffolk,"Barlett Pond Park, Middle Country Road",Middle Island,11953,ny
40.9916,-72.4717,New Suffolk Waterfront Community Garden,Suffolk,First Street & Main Street,New Suffolk,11956,ny
40.759,-73.0042,Patchogue's Planting Patch Community Garden,Suffolk,185 Bay Avenue,Patchogue,11772,ny
40.917,-72.6637,River and Roots Community Garden,Suffolk,Griffing Ave and East Main Street,Riverhead,11901,ny
40.9472,-73.1116,Setauket Presbyterian Church Community Garden,Suffolk,5 Caroline Avenue,East Setauket,11733,ny
40.8765,-72.4272,Shinnecock Community Garden,Suffolk,"Church Street, Shinnecock Reservation",Southampton,11968,ny
40.774,-72.9604,St. Joseph the Worker Church Organic Community Garden,Suffolk,510 Naragansette Avenue,East Patchogue,11772,ny
42.4758,-76.4635,TST BOCES,Tompkins,555 Warren Road,Ithaca,14850,ny
40.7895,-73.101,The Chemical Free Garden,Suffolk,939 Johnson Street,Ronkonkoma,11799,ny
41.0388,-71.9383,The Montauk Community Garden,Suffolk,S. Etna and Montauk Hwy,Montauk,11954,ny
40.7555,-73.3608,Wyandanch FRESH Commuity Garden,Suffolk,14 North Andrews Avenue,Wyuandanch,11798,ny
40.7871,-73.1936,YES Community Garden,Suffolk,555 Clayton Ave,Central Islip,11722,ny
42.5424,-76.5399,All Saints Church Community Garden ,Tompkins,347 Ridge Road,Lansing,14882,ny
42.3818,-76.3907,Brooktondale Inspriational Garden,Tompkins,524 Valley Road,Brooktondale,14817,ny
42.3792,-76.3067,Caroline Food Pantry Garden,Tompkins,Slaterville Road at Speed Hill Road,Brooktondale,14817,ny
42.512926,-76.69384,Cayuga Addiction Recovery Services (CARS),Tompkins,6621 Route 227,Trumansburg,14886,ny
42.4411,-76.5166,Chestnut Hill Apartments,Tompkins,Chestnut Street,Ithaca,14850,ny
42.4627,-76.4438,Cornell Community Garden East Hill,Tompkins,Freese Road between Hanshaw and Dryden,Ithaca,14850,ny
42.4507,-76.5029,Cornell Cooperative Extension,Tompkins,615 Willow Ave,Ithaca,14850,ny
42.449,-76.472,Cornell Plantations,Tompkins,1 Plantations Road,Ithaca,14850,ny
42.443,-76.4688,Dilmun Hill Student Organic Farm,Tompkins,705 Dryden Road,Ithaca,14853,ny
42.4924,-76.289,Dryden Community Garden,Tompkins,93 E Main Street,Dryden,13053,ny
42.4054,-76.4655,Earth Arts,Tompkins,Coddington Road,Ithaca,14850,ny
42.5358,-76.5032,East Shore Community Gardens of Grace,Tompkins,2049 East Shore Drive,Lansing ,14882,ny
42.4357,-76.4594,Ellis Hollow Road Apartments,Tompkins,1028 Ellis Hollow Road,Ithaca,14850,ny
42.4417,-76.5403,FROG Community Garden,Tompkins,Helens Way,Ithaca,14850,ny
42.4426,-76.5021,GIAC,Tompkins,Albany St. and Court St.,Ithaca,14850,ny
42.4547,-76.4705,Hasbrouck Student Apartments,Tompkins,Hasbrouck Circle,Ithaca,14850,ny
42.406,-76.4877,Hospicare Gardens,Tompkins,172 East King Road,Ithaca,14850,ny
42.4451,-76.5061,IHA Northside,Tompkins,202-311 Fourth Street,Ithaca,14850,ny
42.4468,-76.5143,Ithaca Children's Garden,Tompkins,Route 89 near Cass Park,Ithaca,14850,ny
42.427,-76.4978,Ithaca College Community Garden,Tompkins,near Farm Road,Ithaca,14850,ny
42.5385,-76.4682,Lansing Community Garden,Tompkins,320 Peruville Road,Lansing,13073,ny
42.5019,-76.2978,Little Creek community Garden,Tompkins,Route 13,Dryden,13053,ny
42.3267,-76.3189,MacCormick Secure Center,Tompkins,300 South Road,Brooktondale,14817,ny
42.449,-76.5037,Mutual Housing Association of Tompkins County,Tompkins,512 Alice Miller Way,Ithaca,14850,ny
42.4478,-76.508,Project Growing Hope Ithaca Community Garden,Tompkins,Route 13 at Third Street,Ithaca,14850,ny
42.4407,-76.5441,SONG Community Garden,Tompkins,100 Rachel Carlson Way,Ithaca,14850,ny
42.4377,-76.5048,St. James AME Zion Church,Tompkins,116 Cleveland Ave,Ithaca,14850,ny
42.4313,-76.5044,Titus Towers Garden,Tompkins,798 South Plain Street,Ithaca,14850,ny
42.4539,-76.5299,West Hill Community Garden,Tompkins,201 Cypress Court,Ithaca,14850,ny
42.4351,-76.5236,West Village Community Garden,Tompkins,150 West Village Place,Ithaca,14850,ny
42.4046,-76.5496,Wood's Earth Community Gardens,Tompkins,NY 12 & NY 327,Ithaca,14850,ny
42.5344,-76.4998,Woods Edge Apartmetns,Tompkins,100 Woodsedge Drive,Lansing,14882,ny
42.3905,-76.4931,Youth Farm Project,Tompkins,23 Nelson Road,Ithaca,14850,ny
42.514666,-76.353257,Freeville Community Garden,Tompkins,Groton Ave Park,Freeville,13068,ny
41.924,-74.0111,Angel Food East @ St. John's Episcopal Church Garden,Ulster,Albany Avenue,Kingston,12401,ny
42.0146,-74.0733,Anna Devine Elementary School,Ulster,1372 Old Post Road,Kingston,12487,ny
41.9334,-74.0281,Big Brothers Big Sisters of Ulster County Garden,Ulster,95 Grand Street,Kingston,12401,ny
41.9352,-74.0149,Boys and Girls Club Garden,Ulster,139 Greenkill Avenue,Kingston,12401,ny
41.9294,-74.0118,Caring Hands Community Garden,Ulster,Clinton Avenue,Kingston,12401,ny
41.9341,-74.0191,Center for Creative Education Rooftop Garden,Ulster,20 Thomas Street,Kingston,12401,ny
41.9793,-74.0021,Chambers Elementary School ,Ulster,945 Albany Avenue,Kingston,12401,ny
41.9857,-74.033,Everett Hodge Center Children's Garden,Ulster,Franklin Street,Kingston,12401,ny
41.9334,-74.0281,Forsyth Nature Center Garden,Ulster,157 Lucas Avenue,Kingston,12401,ny
41.9258,-73.9968,GW Montessori School and Community Garden,Ulster,Wall Street,Kingston,12401,ny
41.9305,-74.0088,Kingston Catholic School,Ulster,159 Broadway ,Kingston,12401,ny
41.9346,-74.0073,Kingston City Hall Garden,Ulster,Connelly Rd,Kingston,12401,ny
41.8343,-74.0379,Kingston High School Raised Beds,Ulster,403 Broadway,Kingston,12401,ny
41.9224,-73.9882,M. Cliffor Miller Middle School,Ulster,65 Fording Place Road,Kingston,12401,ny
41.9503,-73.9946,Mental Health Assocation of Ulster County Garden,Ulster,300 Aaron Court,Kingston,12401,ny
41.7533,-74.0923,New Paltz Gardens for Nutrition,Ulster,51 Huguenot Street,New Paltz,12561,ny
41.9503,-73.9946,Resource Center for Accessible Living ,Ulster,727 Ulster Avenu,Kingston,12401,ny
41.8305,-74.0651,Rosendale Community Gardens,Ulster,Tillson Community Church - Grist Mill Road,Tillson,12468,ny
41.93,-74.0207,Senate House,Ulster,18th Century Colonial Women's Dooryard,Kingston,12401,ny
42.0894,-74.3201,Shandaken Community Gardens,Ulster,Phoenicia Elementary school - Route 214,Phoenicia,12464,ny
41.9336,-74.0225,Sorjourner Truth Memorial Community Garden,Ulster,16 Lucas Avenue,Kingston,12401,ny
41.9291,-74.0018,South Pine Street City Farm,Ulster,S Pine street,Kingston,12401,ny
41.9314,-73.997,Stuyvesant Galaxy Community Garden,Ulster,289 Fair Street,Kingston,12401,ny
41.9262,-74.0081,The Galley Community Garden,Ulster,254 Washington Avenue,Kingston,12401,ny
41.9579,-73.9957,Thomas Chambers Garden,Ulster,Murray Street,Kingston,12401,ny
41.9346,-74.0191,Town of Kingston Celebration Garden,Ulster,18th Century Colonial Women's Dooryard,Kingston,12401,ny
42.0441,-74.1155,Woodstock Community Garden,Ulster,Andy Lee Field - Rock City Road,Woodstock ,12498,ny
41.9275,-74.0024,YMCA Children and Community Garden,Ulster,Susan Street ,Kingston,12401,ny
41.9112,-73.9847,Zena Elementary School,Ulster,1700 Sawkill Road,Kingston,12401,ny
43.3152,-73.6268,East Field Park Community Garden,Warren,East Field Park - 65 Haskell Avenue,Glens Falls,12801,ny
43.3137,-73.6444,Ridge St. Playground Community Garden,Warren,Ridge and May Streets,Glens Falls,12801,ny
43.3192,-73.6402,Sagamore Street Playground,Warren,Corner of Sagamore Street and Hunter Street,Glens Falls ,12801,ny
43.3069,-73.6512,Village Green Community Garden,Warren,South Delaware Ave,Glens Falls,12801,ny
43.0298,-73.3785,Cambridge Community Garden,Washington,Washington Street,Cambridge,12816,ny
43.1735,-73.3212,Courthouse Community Garden,Washington,58 East Broadway,Salem,12865,ny
43.2694,-73.584,Fort Edward Community Garden,Washington,Corner of Canal Street and East Street,Fort Edward,12828,ny
43.0397,-77.1022,Newark Rotary Club/Catholic Family Center of Wayne County,Wayne,439 W. Maple Ave,Newark,14513,ny
40.9392,-73.8885,Ashburton Community Garden,Westchester,200 Ashburton ave,Yonkers,10701,ny
40.9323,-73.9033,Buena Vista Community Garden,Westchester,Buena Vista Ave and Prospect Street,Yonkers,10701,ny
41.1639,-73.7691,Chappauqua Garden,Westchester,233 N Greeley Sve,Chappaqua,10514,ny
41.2522,-73.7742,Children's Peaceful Garden,Westchester,Hilltop Hanover Farm - 1271 Hanover Street,Yorktown,10598,ny
41.2065,-73.8727,Croton Community Garden,Westchester,Truesdale Drive adjacent to Silver Lake Park,Croton-on-Hudson,10520,ny
41.1745,-73.8721,Green Community Garden of Hope,Westchester,299 Highland Ave,Ossining,10562,ny
40.9274,-73.8986,Groshon Community Garden,Westchester,37 Groshon Ave,Yonkers,10701,ny
41.2515,-73.6602,John Jay Homestead Garden/InterGenerate,Westchester,400 Jay Street,Katonah,10536,ny
40.9319,-73.7772,Lincoln Park Community Garden,Westchester,Lincoln Ave,New Rochelle,10801,ny
41.1952,-73.7115,Marsh Sanctuary Community Garden/InterGenerate,Westchester,114 South Bedford Road,Mt. Kisco,10549,ny
40.9065,-73.8208,Mount Vernon Community Gardens - Graham School,Westchester,Graham School - 421 East 5th Street,Mount Vernon,10550,ny
40.905,-73.8392,Mount Vernon Community Gardens - Levister Towers,Westchester,Levister Towers - 3rd Street,Mount Vernon,10550,ny
40.9056,-73.8377,Mount Vernon Community Gardens - Third Street Fire House,Westchester,Third Street Fire House - 3rd Street and 7th Ave,Mount Vernon,10550,ny
40.9307,-73.8906,Oak Street Community Garden,Westchester,128 Oak Street,Yonkers,10701,ny
41.1914,-73.8541,Ossining Community Garden,Westchester,Cedar Lane Park,Ossining,10562,ny
41.0854,-73.7157,Our New Way Garden,Westchester,4 New King Street,West Harrison,10604,ny
41.2966,-73.8987,Peekskill Community Garden,Westchester,Route 6,Peekskill,10567,ny
41.1346,-73.7874,Pleasantville Community Garden,Westchester,8 Sunnyside Avenue,Pleasantville,10570,ny
40.9418,-73.8975,Simmons Community Garden,Westchester,Warburton Ave and Willow Place,Yonkers,10701,ny
40.9242,-73.8997,Stanley Community Garden,Westchester,181 Stanley Ave,Yonkers,10705,ny
40.9378,-73.8859,Walnut Avenue Community Garden,Westchester,OCA Trail off Yonders Ave,Yonkers,10701,ny
40.9556,-73.781,Ward Acres Community Garden,Westchester,"Ward Acres Park, Broadfield and Quaker Ridge Roads",New Rochelle,10804,ny
40.9991,-73.8805,Zinsser Gardens,Westchester,Zinsser Park - North Broadway,Hastings-on-Hudson,10706,ny
42.6549,-77.0479,Food for the Needy,Yates,Pleasant Avenue,Penn Yan,14527,ny
40.6761,-73.9491,1100 Bergen Street Community Garden,Kings,1105 Bergen Street,Brooklyn,11216,ny
40.84729,-73.8848,2120 Mapes Avenue HDFC,,2124 Mapes Avenue,Bronx,10460,ny
40.7909,-73.9486,East 103rd Street Community Garden,,105 E 103rd Street,New York,10029,ny
43.1638,-77.5752,Neighbors Together ,Monroe,Garson St & Chamberlain Street,Rochester NY,14609,ny
